"year";"document title";"author";"publisher";"publication title";"doi";"pdf link";"type"
"2021";"Towards In-situ Authoring of AR Visualizations with Mobile Devices";"Satkowski, Marc and Luo, Weizhou and Dachselt, Raimund";"IEEE";"2021 IEEE International Symposium on Mixed and Augmented Reality Adjunct (ISMAR-Adjunct)";"10.1109/ISMAR-Adjunct54149.2021.00073";"http://xplorestaging.ieee.org/ielx7/9585620/9585774/09585802.pdf?arnumber=9585802";"proceedings-article"
"2022";"Complementary interfaces for visual computing";"Zagermann, Johannes and Hubenschmid, Sebastian and Balestrucci, Priscilla and Feuchtner, Tiare and Mayer, Sven and Ernst, Marc O. and Schmidt, Albrecht and Reiterer, Harald";"Walter de Gruyter GmbH";"it - Information Technology";"10.1515/itit-2022-0031";"https://www.degruyter.com/document/doi/10.1515/itit-2022-0031/xml";"journal-article"
"2012";"Virtual projection: exploring optical projection as a metaphor for multi-device interaction";"Baur, Dominikus and Boring, Sebastian and Feiner, Steven";"ACM";"Proceedings of the SIGCHI Conference on Human Factors in Computing Systems";"10.1145/2207676.2208297";"https://dl.acm.org/doi/pdf/10.1145/2207676.2208297";"proceedings-article"
"2009";"Bonfire: a nomadic system for hybrid laptop-tabletop interaction";"Kane, Shaun K. and Avrahami, Daniel and Wobbrock, Jacob O. and Harrison, Beverly and Rea, Adam D. and Philipose, Matthai and LaMarca, Anthony";"ACM";"Proceedings of the 22nd annual ACM symposium on User interface software and technology";"10.1145/1622176.1622202";"https://dl.acm.org/doi/pdf/10.1145/1622176.1622202";"proceedings-article"
"2022";"ABOVE &amp; BELOW: Investigating Ceiling and Floor for Augmented Reality Content Placement";"Satkowski, Marc and Rzayev, Rufat and Goebel, Eva and Dachselt, Raimund";"IEEE";"2022 IEEE International Symposium on Mixed and Augmented Reality (ISMAR)";"10.1109/ISMAR55827.2022.00068";"http://xplorestaging.ieee.org/ielx7/9994794/9994855/09995192.pdf?arnumber=9995192";"proceedings-article"
"2024";"Multiple Monitors or Single Canvas? Evaluating Window Management and Layout Strategies on Virtual Displays";"Pavanatto, Leonardo and Lu, Feiyu and North, Chris and Bowman, Doug A.";"Institute of Electrical and Electronics Engineers (IEEE)";"IEEE Transactions on Visualization and Computer Graphics";"10.1109/TVCG.2024.3368930";"http://xplorestaging.ieee.org/ielx7/2945/4359476/10443571.pdf?arnumber=10443571";"journal-article"
"2021";"Do we still need physical monitors? An evaluation of the usability of AR virtual monitors for productivity work";"Pavanatto, Leonardo and North, Chris and Bowman, Doug A. and Badea, Carmen and Stoakley, Richard";"IEEE";"2021 IEEE Virtual Reality and 3D User Interfaces (VR)";"10.1109/VR50410.2021.00103";"http://xplorestaging.ieee.org/ielx7/9417603/9417648/09417776.pdf?arnumber=9417776";"proceedings-article"
"2011";"Composition of HCI evaluation methods for hybrid virtual environments";"Alencar, Marcus F. C. and Raposo, Alberto B. and Barbosa, Simone D. J.";"ACM";"Proceedings of the 2011 ACM Symposium on Applied Computing";"10.1145/1982185.1982457";"https://dl.acm.org/doi/pdf/10.1145/1982185.1982457";"proceedings-article"
"2018";"SymbiosisSketch: Combining 2D &amp; 3D Sketching for Designing Detailed 3D Objects in Situ";"Arora, Rahul and Habib Kazi, Rubaiat and Grossman, Tovi and Fitzmaurice, George and Singh, Karan";"ACM";"Proceedings of the 2018 CHI Conference on Human Factors in Computing Systems";"10.1145/3173574.3173759";"https://dl.acm.org/doi/pdf/10.1145/3173574.3173759";"proceedings-article"
"2019";"MYR: A Web-Based Platform for Teaching Coding Using VR";"Berns, Christopher and Chin, Grace and Savitz, Joel and Kiesling, Jason and Martin, Fred";"ACM";"Proceedings of the 50th ACM Technical Symposium on Computer Science Education";"10.1145/3287324.3287482";"https://dl.acm.org/doi/pdf/10.1145/3287324.3287482";"proceedings-article"
"2022";"Towards a Desktop-AR Prototyping Framework: Prototyping Cross-Reality Between Desktops and Augmented Reality";"Cools, Robbe and Gottsacker, Matt and Simeone, Adalberto and Bruder, Gerd and Welch, Greg and Feiner, Steven";"IEEE";"2022 IEEE International Symposium on Mixed and Augmented Reality Adjunct (ISMAR-Adjunct)";"10.1109/ISMAR-Adjunct57072.2022.00040";"http://xplorestaging.ieee.org/ielx7/9973799/9974160/09974207.pdf?arnumber=9974207";"proceedings-article"
"2020";"VRSketchIn: Exploring the Design Space of Pen and Tablet Interaction for 3D Sketching in Virtual Reality";"Drey, Tobias and Gugenheimer, Jan and Karlbauer, Julian and Milo, Maximilian and Rukzio, Enrico";"ACM";"Proceedings of the 2020 CHI Conference on Human Factors in Computing Systems";"10.1145/3313831.3376628";"https://dl.acm.org/doi/pdf/10.1145/3313831.3376628";"proceedings-article"
"2023";"Shopping in between Realities-Using an Augmented Virtuality Smartphone in a Virtual Supermarket";"Eichhorn, Christian and Plecher, David A. and Mesmer, Tobias and Leder, Lucas and Simecek, Tim and Boukadida, Nassim and Klinker, Gudrun";"IEEE";"2023 IEEE International Symposium on Mixed and Augmented Reality (ISMAR)";"10.1109/ISMAR59233.2023.00133";"http://xplorestaging.ieee.org/ielx7/10316350/10316351/10316481.pdf?arnumber=10316481";"proceedings-article"
"2024";"Between Wearable and Spatial Computing: Exploring Four Interaction Techniques at the Intersection of Smartwatches and Head-mounted Displays";"Estalagem, Nuno and Esteves, Augusto";"ACM";"Proceedings of the 2024 Symposium on Eye Tracking Research and Applications";"10.1145/3649902.3656365";"https://dl.acm.org/doi/pdf/10.1145/3649902.3656365";"proceedings-article"
"2023";"Exploring Collaboration for Data Analysis in Augmented Reality for Multiple Devices";"Friedl-Knirsch, Judith and Stach, Christian and Anthes, Christoph";"IEEE";"2023 IEEE International Symposium on Mixed and Augmented Reality Adjunct (ISMAR-Adjunct)";"10.1109/ISMAR-Adjunct60411.2023.00021";"http://xplorestaging.ieee.org/ielx7/10322104/10322117/10322266.pdf?arnumber=10322266";"proceedings-article"
"2023";"Uncertainty Unveiled: Revealing the Uncertainty of Distribution Visualization Through Cross Reality";"Gall, Alexander and Heim, Anja and Fröhler, Bernhard and Heinzl, Christoph";"IEEE";"2023 IEEE International Symposium on Mixed and Augmented Reality Adjunct (ISMAR-Adjunct)";"10.1109/ISMAR-Adjunct60411.2023.00012";"http://xplorestaging.ieee.org/ielx7/10322104/10322117/10322166.pdf?arnumber=10322166";"proceedings-article"
"2018";"Dual-MR: interaction with mixed reality using smartphones";"Lee, Chi-Jung and Chu, Hung-Kuo";"ACM";"Proceedings of the 24th ACM Symposium on Virtual Reality Software and Technology";"10.1145/3281505.3281618";"https://dl.acm.org/doi/pdf/10.1145/3281505.3281618";"proceedings-article"
"2022";"Visual Transitions around Tabletops in Mixed Reality: Study on a Visual Acquisition Task between Vertical Virtual Displays and Horizontal Tabletops";"Perelman, Gary and Dubois, Emmanuel and Probst, Alice and Serrano, Marcos";"Association for Computing Machinery (ACM)";"Proceedings of the ACM on Human-Computer Interaction";"10.1145/3567738";"https://dl.acm.org/doi/pdf/10.1145/3567738";"journal-article"
"2022";"Selection Techniques for 3D Extended Desktop Workstation with AR HMD";"Plasson, Carole and Blanch, Renaud and Nigay, Laurence";"IEEE";"2022 IEEE International Symposium on Mixed and Augmented Reality (ISMAR)";"10.1109/ISMAR55827.2022.00062";"http://xplorestaging.ieee.org/ielx7/9994794/9994855/09995594.pdf?arnumber=9995594";"proceedings-article"
"2023";"Transforming graph data visualisations from 2D displays into augmented reality 3D space: A quantitative study";"Schwajda, Daniel and Friedl, Judith and Pointecker, Fabian and Jetter, Hans-Christian and Anthes, Christoph";"Frontiers Media SA";"Frontiers in Virtual Reality";"10.3389/frvir.2023.1155628";"https://www.frontiersin.org/articles/10.3389/frvir.2023.1155628/full";"journal-article"
"2022";"Hybrid Touch/Tangible Spatial Selection in Augmented Reality";"Sereno, Mickael and Gosset, Stéphane and Besançon, Lonni and Isenberg, Tobias";"Wiley";"Computer Graphics Forum";"10.1111/cgf.14550";"https://onlinelibrary.wiley.com/doi/pdf/10.1111/cgf.14550";"journal-article"
"2015";"Gluey: Developing a Head-Worn Display Interface to Unify the Interaction Experience in Distributed Display Environments";"Serrano, Marcos and Ens, Barrett and Yang, Xing-Dong and Irani, Pourang";"ACM";"Proceedings of the 17th International Conference on Human-Computer Interaction with Mobile Devices and Services";"10.1145/2785830.2785838";"https://dl.acm.org/doi/pdf/10.1145/2785830.2785838";"proceedings-article"
"2024";"Exploring Mobile Devices as Haptic Interfaces for Mixed Reality";"Stellmacher, Carolin and Mathis, Florian and Weiss, Yannick and Loerakker, Meagan B. and Wagener, Nadine and Schöning, Johannes";"ACM";"Proceedings of the CHI Conference on Human Factors in Computing Systems";"10.1145/3613904.3642176";"https://dl.acm.org/doi/pdf/10.1145/3613904.3642176";"proceedings-article"
"2023";"Cardiac Visualisation Along the RV-Continuum - A High-Fidelity Pilot Study";"Aigner, David and Wang, Nanjia and Kielmayer, David and Steiner, Jürgen and Hochpöchler, Julian and Heinzl, Christoph and Roth, Daniel and Maurer, Frank and Anthes, Christoph";"IEEE";"2023 IEEE International Symposium on Mixed and Augmented Reality Adjunct (ISMAR-Adjunct)";"10.1109/ISMAR-Adjunct60411.2023.00145";"http://xplorestaging.ieee.org/ielx7/10322104/10322117/10322271.pdf?arnumber=10322271";"proceedings-article"
"2022";"CleAR Sight: Exploring the Potential of Interacting with Transparent Tablets in Augmented Reality";"Krug, Katja and Buschel, Wolfgang and Klamka, Konstantin and Dachselt, Raimund";"IEEE";"2022 IEEE International Symposium on Mixed and Augmented Reality (ISMAR)";"10.1109/ISMAR55827.2022.00034";"http://xplorestaging.ieee.org/ielx7/9994794/9994855/09995385.pdf?arnumber=9995385";"proceedings-article"
"2023";"Perspective and Geometry Approaches to Mouse Cursor Control in Spatial Augmented Reality";"Kim, Daekun and Joshi, Nikhita and Vogel, Daniel";"ACM";"Proceedings of the 2023 CHI Conference on Human Factors in Computing Systems";"10.1145/3544548.3580849";"https://dl.acm.org/doi/pdf/10.1145/3544548.3580849";"proceedings-article"
"2018";"Clusters, Trends, and Outliers: How Immersive Technologies Can Facilitate the Collaborative Analysis of Multidimensional Data";"Butscher, Simon and Hubenschmid, Sebastian and Müller, Jens and Fuchs, Johannes and Reiterer, Harald";"ACM";"Proceedings of the 2018 CHI Conference on Human Factors in Computing Systems";"10.1145/3173574.3173664";"https://dl.acm.org/doi/pdf/10.1145/3173574.3173664";"proceedings-article"
"2021";"Exploring and Slicing Volumetric Medical Data in Augmented Reality Using a Spatially-Aware Mobile Device";"Luo, Weizhou and Goebel, Eva and Reipschlager, Patrick and Ellenberg, Mats Ole and Dachselt, Raimund";"IEEE";"2021 IEEE International Symposium on Mixed and Augmented Reality Adjunct (ISMAR-Adjunct)";"10.1109/ISMAR-Adjunct54149.2021.00076";"http://xplorestaging.ieee.org/ielx7/9585620/9585774/09585891.pdf?arnumber=9585891";"proceedings-article"
"1997";"The Personal Interaction Panel – a Two‐Handed Interface for Augmented Reality";"Szalavári, Zsolt and Gervautz, Michael";"Wiley";"Computer Graphics Forum";"10.1111/1467-8659.00137";"https://api.wiley.com/onlinelibrary/tdm/v1/articles/10.1111%2F1467-8659.00137";"journal-article"
"2020";"MiXR: A Hybrid AR Sheet Music Interface for Live Performance";"Kohen, Shalva and Elvezio, Carmine and Feiner, Steven";"IEEE";"2020 IEEE International Symposium on Mixed and Augmented Reality Adjunct (ISMAR-Adjunct)";"10.1109/ISMAR-Adjunct51615.2020.00035";"http://xplorestaging.ieee.org/ielx7/9287818/9287820/09288469.pdf?arnumber=9288469";"proceedings-article"
"2009";"Spatially aware handhelds for high-precision tangible interaction with large displays";"Olwal, Alex and Feiner, Steven";"ACM";"Proceedings of the 3rd International Conference on Tangible and Embedded Interaction";"10.1145/1517664.1517705";"https://dl.acm.org/doi/pdf/10.1145/1517664.1517705";"proceedings-article"
"2007";"Balloon Selection: A Multi-Finger Technique for Accurate Low-Fatigue 3D Selection";"Benko, Hrvoje and Feiner, Steven";"IEEE";"2007 IEEE Symposium on 3D User Interfaces";"10.1109/3DUI.2007.340778";"http://xplorestaging.ieee.org/ielx5/4142827/4141005/04142849.pdf?arnumber=4142849";"proceedings-article"
"2019";"TabletInVR: Exploring the Design Space for Using a Multi-Touch Tablet in Virtual Reality";"Surale, Hemant Bhaskar and Gupta, Aakar and Hancock, Mark and Vogel, Daniel";"ACM";"Proceedings of the 2019 CHI Conference on Human Factors in Computing Systems";"10.1145/3290605.3300243";"https://dl.acm.org/doi/pdf/10.1145/3290605.3300243";"proceedings-article"
"2021";"The SmARtphone Controller: Leveraging Smartphones as Input and Output Modality for Improved Interaction within Mobile Augmented Reality Environments";"Knierim, Pascal and Hein, Dimitri and Schmidt, Albrecht and Kosch, Thomas";"Walter de Gruyter GmbH";"i-com";"/10.1515/icom-2021-0003";"https://www.degruyter.com/document/doi/10.1515/icom-2021-0003/xml";"journal-article"
