"year";"document title";"author";"publisher";"publication title";"doi";"pdf link";"type"
"2023";"Challenges and Opportunities for Collaborative Immersive Analytics with Hybrid User Interfaces";"Zagermann, Johannes and Hubenschmid, Sebastian and Fink, Daniel Immanuel and Wieland, Jonathan and Reiterer, Harald and Feuchtner, Tiare";"IEEE";"2023 IEEE International Symposium on Mixed and Augmented Reality Adjunct (ISMAR-Adjunct)";"10.1109/ISMAR-Adjunct60411.2023.00044";"http://xplorestaging.ieee.org/ielx7/10322104/10322117/10322296.pdf?arnumber=10322296";"proceedings-article"
"2023";"Hybrid User Interfaces for Multiple Views: why designer intuition is not enough";"Daeijavad, Parisa and Maurer, Frank";"IEEE";"2023 IEEE International Symposium on Mixed and Augmented Reality Adjunct (ISMAR-Adjunct)";"10.1109/ISMAR-Adjunct60411.2023.00045";"http://xplorestaging.ieee.org/ielx7/10322104/10322117/10322299.pdf?arnumber=10322299";"proceedings-article"
"2023";"Hybrid User Interface for Audience Feedback Guided Asymmetric Immersive Presentation of Financial Data";"Gottsacker, Matt and Chen, Mengyu and Saffo, David and Lu, Feiyu and MacIntyre, Blair";"IEEE";"2023 IEEE International Symposium on Mixed and Augmented Reality Adjunct (ISMAR-Adjunct)";"10.1109/ISMAR-Adjunct60411.2023.00046";"http://xplorestaging.ieee.org/ielx7/10322104/10322117/10322252.pdf?arnumber=10322252";"proceedings-article"
"2023";"Towards Universal Interaction for Extended Reality";"Knierim, Pascal and Kosch, Thomas";"IEEE";"2023 IEEE International Symposium on Mixed and Augmented Reality Adjunct (ISMAR-Adjunct)";"10.1109/ISMAR-Adjunct60411.2023.00047";"http://xplorestaging.ieee.org/ielx7/10322104/10322117/10322132.pdf?arnumber=10322132";"proceedings-article"
"2023";"Exploring Hybrid User Interfaces for Surgery Planning";"Reinschluessel, Anke V. and Zagermann, Johannes";"IEEE";"2023 IEEE International Symposium on Mixed and Augmented Reality Adjunct (ISMAR-Adjunct)";"10.1109/ISMAR-Adjunct60411.2023.00048";"http://xplorestaging.ieee.org/ielx7/10322104/10322117/10322244.pdf?arnumber=10322244";"proceedings-article"
"2023";"Single User Cross Reality Workflow for Reservoir Engineering Work in Progress";"Chan, Sze-Wing and Wang, Nanjia and Maurer, Frank";"IEEE";"2023 IEEE International Symposium on Mixed and Augmented Reality Adjunct (ISMAR-Adjunct)";"10.1109/ISMAR-Adjunct60411.2023.00049";"http://xplorestaging.ieee.org/ielx7/10322104/10322117/10322160.pdf?arnumber=10322160";"proceedings-article"
"2023";"Opportunities and Challenges of Hybrid User Interfaces for Optimization of Mixed Reality Interfaces";"Zaky, Abdelrahman and Zagermann, Johannes and Reiterer, Harald and Feuchtner, Tiare";"IEEE";"2023 IEEE International Symposium on Mixed and Augmented Reality Adjunct (ISMAR-Adjunct)";"10.1109/ISMAR-Adjunct60411.2023.00050";"http://xplorestaging.ieee.org/ielx7/10322104/10322117/10322176.pdf?arnumber=10322176";"proceedings-article"
"2023";"Transitional Blended Realities: Linking between Video and Mixed Reality for Distributed Team Collaboration";"Grønbæk, Jens Emil";"IEEE";"2023 IEEE International Symposium on Mixed and Augmented Reality Adjunct (ISMAR-Adjunct)";"10.1109/ISMAR-Adjunct60411.2023.00051";"http://xplorestaging.ieee.org/ielx7/10322104/10322117/10322134.pdf?arnumber=10322134";"proceedings-article"
"2023";"Towards a Model for Space and Time in Transitional Collaboration";"Schröder, Jan-Henrik and Jetter, Hans-Christian";"IEEE";"2023 IEEE International Symposium on Mixed and Augmented Reality Adjunct (ISMAR-Adjunct)";"10.1109/ISMAR-Adjunct60411.2023.00052";"http://xplorestaging.ieee.org/ielx7/10322104/10322117/10322228.pdf?arnumber=10322228";"proceedings-article"
"2023";"Where We Stand and Where to Go: Building Bridges Between Real and Virtual Worlds for Collaboration";"Castillo, Joshua Pardillo and Assadian, Seina and Batmaz, Anil Ufuk";"IEEE";"2023 IEEE International Symposium on Mixed and Augmented Reality Adjunct (ISMAR-Adjunct)";"10.1109/ISMAR-Adjunct60411.2023.00053";"http://xplorestaging.ieee.org/ielx7/10322104/10322117/10322300.pdf?arnumber=10322300";"proceedings-article"
"2023";"Don’t Pull the Balrog — Lessons Learned from Designing Wizualization: a Magic-inspired Data Analytics System in XR";"Butcher, Peter W. S. and Batch, Andrea and Ritsos, Panagiotis D. and Elmqvist, Niklas";"IEEE";"2023 IEEE International Symposium on Mixed and Augmented Reality Adjunct (ISMAR-Adjunct)";"10.1109/ISMAR-Adjunct60411.2023.00054";"http://xplorestaging.ieee.org/ielx7/10322104/10322117/10322259.pdf?arnumber=10322259";"proceedings-article"
"2023";"Integrating View Magnification into an Augmented Reality Head-Mounted Display to Support Surgery";"Smith, Shamus P. and Gahankari, Dilip";"IEEE";"2023 IEEE International Symposium on Mixed and Augmented Reality Adjunct (ISMAR-Adjunct)";"10.1109/ISMAR-Adjunct60411.2023.00055";"http://xplorestaging.ieee.org/ielx7/10322104/10322117/10322200.pdf?arnumber=10322200";"proceedings-article"
"2023";"Data-driven Storytelling in Hybrid Immersive Display Environments";"Zhou, Xiaoyan and Yang, Yalong and Ortega, Francisco and Batmaz, Anil Ufuk and Lee, Benjamin";"IEEE";"2023 IEEE International Symposium on Mixed and Augmented Reality Adjunct (ISMAR-Adjunct)";"10.1109/ISMAR-Adjunct60411.2023.00056";"http://xplorestaging.ieee.org/ielx7/10322104/10322117/10322222.pdf?arnumber=10322222";"proceedings-article"
"2023";"Fantastic Hybrid User Interfaces and How to Define Them";"Satkowski, Marc and Méndez, Julián";"IEEE";"2023 IEEE International Symposium on Mixed and Augmented Reality Adjunct (ISMAR-Adjunct)";"10.1109/ISMAR-Adjunct60411.2023.00057";"http://xplorestaging.ieee.org/ielx7/10322104/10322117/10322280.pdf?arnumber=10322280";"proceedings-article"
"2023";"How Does Explainability Look in Hybrid User Interfaces?";"Méndez, Julián and Satkowski, Marc and Rzayev, Rufat";"IEEE";"2023 IEEE International Symposium on Mixed and Augmented Reality Adjunct (ISMAR-Adjunct)";"10.1109/ISMAR-Adjunct60411.2023.00058";"http://xplorestaging.ieee.org/ielx7/10322104/10322117/10322267.pdf?arnumber=10322267";"proceedings-article"
"2023";"Discussing Facets of Hybrid User Interfaces for the Medical Domain";"Krug, Katja and Langner, Ricardo and Klamka, Konstantin";"IEEE";"2023 IEEE International Symposium on Mixed and Augmented Reality Adjunct (ISMAR-Adjunct)";"10.1109/ISMAR-Adjunct60411.2023.00059";"http://xplorestaging.ieee.org/ielx7/10322104/10322117/10322260.pdf?arnumber=10322260";"proceedings-article"
