"item type";"author";"title";"journal";"publisher";"doi";"url";"fulltext";"related";"year";"abstract";"note";"type"
"article";"F Chiossi and Y El Khaoudi and C Ou and L Sidenmark and ...";"Evaluating typing performance in different mixed reality manifestations using physiological features";"Proceedings of the …";"dl.acm.org";"10.1145/3698142";"https://dl.acm.org/doi/abs/10.1145/3698142";"https://dl.acm.org/doi/pdf/10.1145/3698142";"https://scholar.google.com/scholar?q=related:BC8jRcxjBl8J:scholar.google.com/\&scioq=\&hl=en\&as_sdt=2005\&sciodt=0,5";"2024";"Mixed reality enables users to immerse themselves in high-workload interaction spaces like office work scenarios. We envision physiologically adaptive systems that can move users …";"Query date: 2025-12-11 15:51:27";""
"article";"M Borowski and JES Grønbæk and PWS Butcher and ...";"Spatialstrates: Cross-reality collaboration through spatial hypermedia";"Proceedings of the 38th …";"dl.acm.org";"10.1145/3746059.3747708";"https://dl.acm.org/doi/abs/10.1145/3746059.3747708";"https://dl.acm.org/doi/pdf/10.1145/3746059.3747708";"https://scholar.google.com/scholar?q=related:dpbe3OuuzBcJ:scholar.google.com/\&scioq=\&hl=en\&as_sdt=2005\&sciodt=0,5";"2025";"Consumer-level XR hardware now enables immersive spatial computing, yet most knowledge work remains confined to traditional 2D desktop environments. These worlds …";"Query date: 2025-12-11 15:51:27";""
"article";"W Luo and MO Ellenberg and M Satkowski and ...";"Documents in Your Hands: Exploring Interaction Techniques for Spatial Arrangement of Augmented Reality Documents";"Proceedings of the 2025 …";"dl.acm.org";"10.1145/3706598.3713518";"https://dl.acm.org/doi/abs/10.1145/3706598.3713518";"https://dl.acm.org/doi/pdf/10.1145/3706598.3713518";"https://scholar.google.com/scholar?q=related:ZAC4WPK-RmwJ:scholar.google.com/\&scioq=\&hl=en\&as_sdt=2005\&sciodt=0,5";"2025";"Augmented Reality (AR) promises to enhance daily office activities involving numerous textual documents, slides, and spreadsheets by expanding workspaces and enabling more …";"Query date: 2025-12-11 15:51:27";""
"article";"Z Jie and G Lugtenberg and R Zhang and A Teubert and ...";"Application of Transitional Mixed Reality Interfaces: A Co-design Study with Flood-prone Communities";"… on Visualization and …";"ieeexplore.ieee.org";"";"https://ieeexplore.ieee.org/abstract/document/11190012/";"https://ieeexplore.ieee.org/iel8/2945/11231116/11190012.pdf";"https://scholar.google.com/scholar?q=related:MrD27fzij8IJ:scholar.google.com/\&scioq=\&hl=en\&as_sdt=2005\&sciodt=0,5";"2025";"Flood risk communication in disaster-prone communities often relies on traditional tools (eg, paper and browser-based hazard/flood maps) that struggle to engage community …";"Query date: 2025-12-11 15:51:27";""
"article";"S Hubenschmid and M Satkowski and J Zagermann and ...";"Hybrid User Interfaces: Past, Present, and Future of Complementary Cross-Device Interaction in Mixed Reality";"arXiv preprint arXiv …";"arxiv.org";"";"https://arxiv.org/abs/2509.05491";"https://arxiv.org/pdf/2509.05491";"https://scholar.google.com/scholar?q=related:Y2-OPVSWpEkJ:scholar.google.com/\&scioq=\&hl=en\&as_sdt=2005\&sciodt=0,5";"2025";"We investigate hybrid user interfaces (HUIs), aiming to establish a cohesive understanding and adopt consistent terminology for this nascent research area. HUIs combine …";"Query date: 2025-12-11 15:51:27";""
"article";"B Woodard and M He and M Sakashita and J Qian and ...";"Cam-2-Cam: Exploring the Design Space of Dual-Camera Interactions for Smartphone-based Augmented Reality";"Proceedings of the …";"dl.acm.org";"10.1145/3694907.3765919";"https://dl.acm.org/doi/abs/10.1145/3694907.3765919";"https://dl.acm.org/doi/pdf/10.1145/3694907.3765919";"https://scholar.google.com/scholar?q=related:odm9-wWLm_gJ:scholar.google.com/\&scioq=\&hl=en\&as_sdt=2005\&sciodt=0,5";"2025";"Off-the-shelf smartphone-based AR systems typically use a single front-facing or rear-facing camera, which restricts user interactions to a narrow field of view and small screen size, thus …";"Query date: 2025-12-11 15:51:27";""
"article";"T Pavavimol and A Ometov and M Valkama and ...";"Transitions between Realities: A Systematic Review on the Usage of XR Systems for Bridging Reality and Virtuality";"Proceedings of the 2025 …";"dl.acm.org";"10.1145/3706370.3727858";"https://dl.acm.org/doi/abs/10.1145/3706370.3727858";"https://dl.acm.org/doi/pdf/10.1145/3706370.3727858";"https://scholar.google.com/scholar?q=related:KHU7CBpf80MJ:scholar.google.com/\&scioq=\&hl=en\&as_sdt=2005\&sciodt=0,5";"2025";"Transitions between"" realities"" play an important role in designing XR experiences, as they significantly influence user experience. However, integrating these transitions into XR …";"Query date: 2025-12-11 15:51:27";""
"article";"D Moukanou and GE Raptis and C Katsanos";"Challenges in Transitioning from Desktop 3D to Extended Reality Space: The Case of a Virtual Museum Application";"Proceedings of the 28th Pan …";"dl.acm.org";"10.1145/3716554.3716580";"https://dl.acm.org/doi/abs/10.1145/3716554.3716580";"https://dl.acm.org/doi/pdf/10.1145/3716554.3716580";"https://scholar.google.com/scholar?q=related:Z7joYxSYdzYJ:scholar.google.com/\&scioq=\&hl=en\&as_sdt=2005\&sciodt=0,5";"2024";"Shifting from traditional desktop 3D environments to extended reality (XR) presents several challenges. These challenges are more intense in applications that require audio, visual …";"Query date: 2025-12-11 15:51:27";""
"book";"N Winkler";"The Role of Certifications and Immersive Technologies in the Context of Digital Transformation of Enterprises";"";"tuprints.ulb.tu-darmstadt.de";"";"https://tuprints.ulb.tu-darmstadt.de/30804/";"https://tuprints.ulb.tu-darmstadt.de/30804/";"https://scholar.google.com/scholar?q=related:r_B1jUy0RlcJ:scholar.google.com/\&scioq=\&hl=en\&as_sdt=2005\&sciodt=0,5";"2025";"This doctoral thesis investigates the role of certifications and immersive technologies (ImTs) in the digital transformation of enterprises, with a particular focus on e-commerce and small …";"Query date: 2025-12-11 15:51:27";"HTML"
"book";"J Gonnermann-Müller";"A cognitive load-based design framework for augmented reality training";"";"publishup.uni-potsdam.de";"";"https://publishup.uni-potsdam.de/frontdoor/index/index/docId/68760";"https://publishup.uni-potsdam.de/opus4-ubp/frontdoor/deliver/index/docId/68760/file/gonnermann-mueller_diss.pdf";"https://scholar.google.com/scholar?q=related:6SrhaVBOwk0J:scholar.google.com/\&scioq=\&hl=en\&as_sdt=2005\&sciodt=0,5";"2025";"The digital transformation is reshaping industrial and manual working environments, for example, through the introduction of digital technologies, automation, and artificial …";"Query date: 2025-12-11 15:51:27";""
"article";"I Paraschivoiu";"Designing and Understanding Collaboration in Mixed Reality: Behavior, Awareness and Interaction in AR, VR, and Cross-Platform Environments";"Proceedings of the 23rd EUSSET Conference on …";"dl.eusset.eu";"";"https://dl.eusset.eu/items/02ee288c-49be-4460-834d-576e645e1d56";"";"https://scholar.google.com/scholar?q=related:-WCvxq-LpHYJ:scholar.google.com/\&scioq=\&hl=en\&as_sdt=2005\&sciodt=0,5";"2025";"This research explores collaboration in Mixed Reality (MR) environments, focusing on design principles, user behaviors, and analytical frameworks across tablet-based AR, tablet …";"Query date: 2025-12-11 15:51:27";""
"article";"M BOROWSKI and JE GRØNBÆK and CN KLOKMOSE";"Cross-Reality Hypermedia: Towards Flexible Collaboration Across Heterogeneous Information Spaces";"blendedrealities.jensemil.dk";"";"";"https://blendedrealities.jensemil.dk/wp-content/uploads/2025/04/CHI_2025_W12_sub2_MarcelBorowski-JensEmilGroenbaek-ClemensKlokmosepdf.pdf";"https://blendedrealities.jensemil.dk/wp-content/uploads/2025/04/CHI_2025_W12_sub2_MarcelBorowski-JensEmilGroenbaek-ClemensKlokmosepdf.pdf";"https://scholar.google.com/scholar?q=related:xPa6fqe_9ykJ:scholar.google.com/\&scioq=\&hl=en\&as_sdt=2005\&sciodt=0,5";"";"Mixed reality (MR) software is typically designed as single-purpose applications for specific use cases, such as whiteboarding or sticky notes, and remain largely isolated from …";"Query date: 2025-12-11 15:51:27";"PDF"
