"item type";"author";"title";"journal";"publisher";"doi";"url";"fulltext";"related";"year";"abstract";"note";"type"
"article";"X Zhou and B Lee and FR Ortega and AU Batmaz and ...";"Lights, headset, tablet, action: Exploring the use of hybrid user interfaces for immersive situated analytics";"Proceedings of the ACM …";"dl.acm.org";"10.1145/3698147";"https://dl.acm.org/doi/abs/10.1145/3698147";"https://dl.acm.org/doi/pdf/10.1145/3698147";"https://scholar.google.com/scholar?q=related:tRkdcizNy8gJ:scholar.google.com/\&scioq=\&hl=en\&as_sdt=2005\&sciodt=0,5";"2024";"While augmented reality (AR) headsets provide entirely new ways of seeing and interacting with data, traditional computing devices can play a symbiotic role when used in conjunction …";"Query date: 2025-12-11 15:31:01";""
"article";"J Zagermann and S Hubenschmid and DI Fink and ...";"Challenges and opportunities for collaborative immersive analytics with hybrid user interfaces";"… on Mixed and …";"ieeexplore.ieee.org";"";"https://ieeexplore.ieee.org/abstract/document/10322296/";"https://ieeexplore.ieee.org/iel7/10322104/10322117/10322296.pdf";"https://scholar.google.com/scholar?q=related:0uzrOuqh81gJ:scholar.google.com/\&scioq=\&hl=en\&as_sdt=2005\&sciodt=0,5";"2023";"Over the past years, we have seen an increase in the number of user studies involving mixed reality interfaces. As these environments usually exceed standardized user study …";"Query date: 2025-12-11 15:31:01";""
"article";"R Lunding and S Hubenschmid and T Feuchtner and K Grønbæk";"ARTHUR: authoring human–robot collaboration processes with augmented reality using hybrid user interfaces";"Virtual Reality";"Springer";"10.1007/s10055-025-01149-6";"https://link.springer.com/article/10.1007/s10055-025-01149-6";"https://link.springer.com/article/10.1007/s10055-025-01149-6";"https://scholar.google.com/scholar?q=related:p3wmj3uE6RIJ:scholar.google.com/\&scioq=\&hl=en\&as_sdt=2005\&sciodt=0,5";"2025";"While augmented reality shows promise for supporting human–robot collaboration, creating such interactive systems still poses great challenges. Addressing this, we introduce …";"Query date: 2025-12-11 15:31:01";"HTML"
"article";"J Wieland and H Cho and S Hubenschmid and ...";"Push2ar: enhancing mobile list interactions using augmented reality";"… on Mixed and …";"ieeexplore.ieee.org";"";"https://ieeexplore.ieee.org/abstract/document/10765366/";"https://ieeexplore.ieee.org/iel8/10765357/10765151/10765366.pdf";"https://scholar.google.com/scholar?q=related:lGAVKIy72WUJ:scholar.google.com/\&scioq=\&hl=en\&as_sdt=2005\&sciodt=0,5";"2024";"Smartphones provide convenient access to vast data collections (eg, online shops, social media) within a compact, portable form factor. While the prevalent infinite scroll lists address …";"Query date: 2025-12-11 15:31:01";""
"article";"S Hubenschmid and DI Fink and J Zagermann and ...";"Colibri: A toolkit for rapid prototyping of networking across realities";"… on Mixed and …";"ieeexplore.ieee.org";"";"https://ieeexplore.ieee.org/abstract/document/10322249/";"https://ieeexplore.ieee.org/iel7/10322104/10322117/10322249.pdf";"https://scholar.google.com/scholar?q=related:QELYoG1l0dAJ:scholar.google.com/\&scioq=\&hl=en\&as_sdt=2005\&sciodt=0,5";"2023";"We present Colibri, an open source networking toolkit for data exchange, model synchronization, and voice transmission to support rapid development of distributed cross …";"Query date: 2025-12-11 15:31:01";""
"article";"AV Reinschluessel and J Zagermann";"Exploring hybrid user interfaces for surgery planning";"2023 IEEE International …";"ieeexplore.ieee.org";"";"https://ieeexplore.ieee.org/abstract/document/10322244/";"https://ieeexplore.ieee.org/iel7/10322104/10322117/10322244.pdf";"https://scholar.google.com/scholar?q=related:k0PifCXROJEJ:scholar.google.com/\&scioq=\&hl=en\&as_sdt=2005\&sciodt=0,5";"2023";"Hybrid user interfaces are a great opportunity to combine complementary interfaces to make use of the best interface for specific steps in a workflow. This position paper outlines one …";"Query date: 2025-12-11 15:31:01";""
"article";"W Luo and MO Ellenberg and M Satkowski and ...";"Documents in Your Hands: Exploring Interaction Techniques for Spatial Arrangement of Augmented Reality Documents";"Proceedings of the 2025 …";"dl.acm.org";"10.1145/3706598.3713518";"https://dl.acm.org/doi/abs/10.1145/3706598.3713518";"https://dl.acm.org/doi/pdf/10.1145/3706598.3713518";"https://scholar.google.com/scholar?q=related:ZAC4WPK-RmwJ:scholar.google.com/\&scioq=\&hl=en\&as_sdt=2005\&sciodt=0,5";"2025";"Augmented Reality (AR) promises to enhance daily office activities involving numerous textual documents, slides, and spreadsheets by expanding workspaces and enabling more …";"Query date: 2025-12-11 15:31:01";""
"article";"T Rau and T Isenberg and A Koehn and M Sedlmair and ...";"Traversing Dual Realities: Investigating Techniques for Transitioning 3D Objects between Desktop and Augmented Reality Environments";"Proceedings of the 2025 …";"dl.acm.org";"10.1145/3706598.3713949";"https://dl.acm.org/doi/abs/10.1145/3706598.3713949";"https://dl.acm.org/doi/pdf/10.1145/3706598.3713949";"https://scholar.google.com/scholar?q=related:_8QWloDnctkJ:scholar.google.com/\&scioq=\&hl=en\&as_sdt=2005\&sciodt=0,5";"2025";"Desktop environments can integrate augmented reality (AR) head-worn devices to support 3D representations, visualizations, and interactions in a novel yet familiar setting. As users …";"Query date: 2025-12-11 15:31:01";""
"book";"S Hubenschmid and J Zagermann and N Elmqvist and T Feuchtner and ...";"Revisiting Hybrid Input Devices for Immersive Analytics";"";"kops.uni-konstanz.de";"";"https://kops.uni-konstanz.de/entities/publication/2caa3c3d-b49c-442c-b199-ba38d5cc916e";"https://kops.uni-konstanz.de/bitstreams/f95cbd2c-ca06-4642-8cfd-9faf9ca7bdce/download";"https://scholar.google.com/scholar?q=related:FhO9CgoyMPUJ:scholar.google.com/\&scioq=\&hl=en\&as_sdt=2005\&sciodt=0,5";"2025";"Hybrid user interfaces offer a promising framework for analysts to leverage the strengths of heterogeneous environments, such as desktops and mixed reality, and transition fluidly …";"Query date: 2025-12-11 15:31:01";""
"article";"S Hubenschmid and J Zagermann and R Erb and ...";"SpatialMouse: A Hybrid Pointing Device for Seamless Interaction Across 2D and 3D Spaces";"Proceedings of the …";"dl.acm.org";"10.1145/3756884.3766047";"https://dl.acm.org/doi/abs/10.1145/3756884.3766047";"https://dl.acm.org/doi/pdf/10.1145/3756884.3766047";"https://scholar.google.com/scholar?q=related:bakz9PvKSaUJ:scholar.google.com/\&scioq=\&hl=en\&as_sdt=2005\&sciodt=0,5";"2025";"We introduce the SpatialMouse, a hybrid pointing device that combines the capabilities of a desktop mouse with the spatial input of a virtual reality (VR) controller, enabling seamless …";"Query date: 2025-12-11 15:31:01";""
"article";"A Gall and A Heim and P Weinberger and B Fröhler and ...";"Immersive Inspection: Intuitive Material Analysis using X-Ray Computed Tomography Data in AR";"Journal of …";"Springer";"10.1007/s10921-025-01220-x";"https://link.springer.com/article/10.1007/s10921-025-01220-x";"https://link.springer.com/article/10.1007/s10921-025-01220-x";"https://scholar.google.com/scholar?q=related:05MmRE5aq6IJ:scholar.google.com/\&scioq=\&hl=en\&as_sdt=2005\&sciodt=0,5";"2025";"Material analyses based on X-ray computed tomography (XCT) imaging are typically conducted away from scanning facilities, in separate office environments on 2D displays …";"Query date: 2025-12-11 15:31:01";"HTML"
"article";"T Czauderna and F Schreiber";"Creating aesthetically pleasing SBGN visualisations for presentation and exploration";"bioRxiv";"biorxiv.org";"10.1101/2023.12.23.573191.abstract";"https://www.biorxiv.org/content/10.1101/2023.12.23.573191.abstract";"https://www.biorxiv.org/content/biorxiv/early/2023/12/23/2023.12.23.573191.full.pdf";"https://scholar.google.com/scholar?q=related:bQVz-GF8K8EJ:scholar.google.com/\&scioq=\&hl=en\&as_sdt=2005\&sciodt=0,5";"2023";"Visualisations are widely used to present, assess, and convey data and understanding in systems biology and other fields, and graphical representations of data and information …";"Query date: 2025-12-11 15:31:01";""
"article";"A Gall and A Heim and B Fröhler and ...";"Uncertainty unveiled: Revealing the uncertainty of distribution visualization through cross reality";"2023 IEEE International …";"ieeexplore.ieee.org";"";"https://ieeexplore.ieee.org/abstract/document/10322166/";"https://ieeexplore.ieee.org/iel7/10322104/10322117/10322166.pdf";"https://scholar.google.com/scholar?q=related:GfSo4r7wQK0J:scholar.google.com/\&scioq=\&hl=en\&as_sdt=2005\&sciodt=0,5";"2023";"In many scientific fields, the analysis of distributions is essential to unveil patterns in order to set up, confirm or reject hypothesis. However, the application of specific visualization …";"Query date: 2025-12-11 15:31:01";""
"article";"S Hubenschmid and M Satkowski and J Zagermann and ...";"Hybrid User Interfaces: Past, Present, and Future of Complementary Cross-Device Interaction in Mixed Reality";"arXiv preprint arXiv …";"arxiv.org";"";"https://arxiv.org/abs/2509.05491";"https://arxiv.org/pdf/2509.05491";"https://scholar.google.com/scholar?q=related:Y2-OPVSWpEkJ:scholar.google.com/\&scioq=\&hl=en\&as_sdt=2005\&sciodt=0,5";"2025";"We investigate hybrid user interfaces (HUIs), aiming to establish a cohesive understanding and adopt consistent terminology for this nascent research area. HUIs combine …";"Query date: 2025-12-11 15:31:01";""
"article";"S Imatani and K Tobitani and K Akabane";"TouchWIM: Object Manipulation in AR Spatial Design With World in Miniature and Hybrid User Interface";"IEEE Access";"ieeexplore.ieee.org";"";"https://ieeexplore.ieee.org/abstract/document/10969634/";"https://ieeexplore.ieee.org/iel8/6287639/6514899/10969634.pdf";"https://scholar.google.com/scholar?q=related:5eLmEqfN2scJ:scholar.google.com/\&scioq=\&hl=en\&as_sdt=2005\&sciodt=0,5";"2025";"In this study, we propose a novel interaction method, TouchWIM, which combines World in Miniature (WIM) and Hybrid User Interface (HUI) to enhance the efficiency of object …";"Query date: 2025-12-11 15:31:01";""
"article";"R Lunding and S Hubenschmid and ...";"Proposing a Hybrid Authoring Interface for AR-Supported Human-Robot Collaboration";"… International Workshop on …";"openreview.net";"";"https://openreview.net/pdf?id=2w2ynC3yrM";"https://openreview.net/pdf?id=2w2ynC3yrM";"https://scholar.google.com/scholar?q=related:Ga5RjHkKlZsJ:scholar.google.com/\&scioq=\&hl=en\&as_sdt=2005\&sciodt=0,5";"2024";"We propose the use of a hybrid user interface for authoring augmented reality (AR) guidance in human-robot collaboration scenarios. When designing AR applications, eg, for …";"Query date: 2025-12-11 15:31:01";"PDF"
"article";"P Knierim and T Kosch";"Towards Universal Interaction for Extended Reality";"… on Mixed and Augmented Reality Adjunct …";"ieeexplore.ieee.org";"";"https://ieeexplore.ieee.org/abstract/document/10322132/";"https://ieeexplore.ieee.org/iel7/10322104/10322117/10322132.pdf";"https://scholar.google.com/scholar?q=related:pPG1YnMPjA4J:scholar.google.com/\&scioq=\&hl=en\&as_sdt=2005\&sciodt=0,5";"2023";"Extended Reality (XR) is a rapidly growing field offering unique immersive experiences, social networking, learning, and collaboration opportunities. The continuous advancements …";"Query date: 2025-12-11 15:31:01";""
"article";"A Gall and A Heim and P Weinberger and B Fröhler and ...";"Immersive Analysis: Enhancing Material Inspection of X-Ray Computed Tomography Datasets in Augmented Reality";"arXiv preprint arXiv …";"arxiv.org";"";"https://arxiv.org/abs/2404.12751";"https://arxiv.org/pdf/2404.12751";"https://scholar.google.com/scholar?q=related:CSbicCWMWDAJ:scholar.google.com/\&scioq=\&hl=en\&as_sdt=2005\&sciodt=0,5";"2024";"This work introduces a novel Augmented Reality (AR) approach to visualize material data alongside real objects in order to facilitate detailed material analyses based on spatial non …";"Query date: 2025-12-11 15:31:01";""
"article";"T Hu and Q Fu and L Chen and M Shi";"Optimizing Building Information Modeling System Design Elements for Enhanced User Experience: A Multidimensional Approach.";"Traitement du Signal";"search.ebscohost.com";"";"https://search.ebscohost.com/login.aspx?direct=true\&profile=ehost\&scope=site\&authtype=crawler\&jrnl=07650019\&AN=177120567\&h=0zfDx4tV1oFattg85Tr%2BHlbKcT8z4lNntpXGDWAkdHEJdHyysPCi8y90Vsjn9Lr0Qh352L%2BIvL%2FNQiRCAnOjWw%3D%3D\&crl=c";"";"https://scholar.google.com/scholar?q=related:VcOvDIV1CdoJ:scholar.google.com/\&scioq=\&hl=en\&as_sdt=2005\&sciodt=0,5";"2024";"Abstract In Building Information Modeling (BIM) system platforms, ensuring the fulfillment of users' functional and emotional needs alongside the achievement of design objectives …";"Query date: 2025-12-11 15:31:01";""
"article";"A Gall and A Heim and E Gröller and C Heinzl";"MARV: Multiview Augmented Reality Visualisation for Exploring Rich Material Data";"Computer Graphics Forum";"Wiley Online Library";"10.1111/cgf.70150";"https://onlinelibrary.wiley.com/doi/abs/10.1111/cgf.70150";"https://onlinelibrary.wiley.com/doi/pdf/10.1111/cgf.70150";"https://scholar.google.com/scholar?q=related:SAdnrWBUr28J:scholar.google.com/\&scioq=\&hl=en\&as_sdt=2005\&sciodt=0,5";"2025";"Rich material data is complex, large and heterogeneous, integrating primary and secondary non‐destructive testing data for spatial, spatio‐temporal, as well as high‐dimensional data …";"Query date: 2025-12-11 15:31:01";""
"article";"A Zaky and J Zagermann and H Reiterer and ...";"Opportunities and Challenges of Hybrid User Interfaces for Optimization of Mixed Reality Interfaces";"2023 IEEE International …";"ieeexplore.ieee.org";"";"https://ieeexplore.ieee.org/abstract/document/10322176/";"https://ieeexplore.ieee.org/iel7/10322104/10322117/10322176.pdf";"https://scholar.google.com/scholar?q=related:1D-f2EN0UE4J:scholar.google.com/\&scioq=\&hl=en\&as_sdt=2005\&sciodt=0,5";"2023";"Current research highlights the importance of adaptive mixed reality interfaces, as increased adoption leads to increasingly diverse, complex and unconstrained interaction scenarios. An …";"Query date: 2025-12-11 15:31:01";""
"article";"SP Smith and D Gahankari";"Integrating View Magnification into an Augmented Reality Head-Mounted Display to Support Surgery";"2023 IEEE International Symposium …";"ieeexplore.ieee.org";"";"https://ieeexplore.ieee.org/abstract/document/10322200/";"https://ieeexplore.ieee.org/iel7/10322104/10322117/10322200.pdf";"https://scholar.google.com/scholar?q=related:U71XLwtkvTYJ:scholar.google.com/\&scioq=\&hl=en\&as_sdt=2005\&sciodt=0,5";"2023";"Medical applications are a good use case for augmented reality (AR) technology as the overlay of virtual content on patients supports the visualization of body components, pre …";"Query date: 2025-12-11 15:31:01";""
"book";"S Hubenschmid and J Zagermann and R Erb and T Feuchtner and ...";"A Hybrid Pointing Device for Seamless Interaction Across 2D and 3D Spaces";"";"arbook.icg.tugraz.at";"";"https://arbook.icg.tugraz.at/schmalstieg/Schmalstieg_449.pdf";"https://arbook.icg.tugraz.at/schmalstieg/Schmalstieg_449.pdf";"https://scholar.google.com/scholar?q=related:1EfS7OP5wUEJ:scholar.google.com/\&scioq=\&hl=en\&as_sdt=2005\&sciodt=0,5";"2025";"We introduce the SpatialMouse, a hybrid pointing device that combines the capabilities of a desktop mouse with the spatial input of a virtual reality (VR) controller, enabling seamless …";"Query date: 2025-12-11 15:31:01";"PDF"
"book";"S Hubenschmid and J Zagermann and R Dachselt and N Elmqvist and ...";"Hybrid User Interfaces: Complementary Interfaces for Mixed Reality Interaction";"";"kops.uni-konstanz.de";"";"https://kops.uni-konstanz.de/entities/publication/0b8621c2-d02d-4c00-a727-ff8ec9cfe32b";"https://kops.uni-konstanz.de/bitstreams/f137f346-847c-4f03-a1e2-31c11cdcd84c/download";"https://scholar.google.com/scholar?q=related:pWw4MMjzuGwJ:scholar.google.com/\&scioq=\&hl=en\&as_sdt=2005\&sciodt=0,5";"2023";"Immersive augmented reality (AR) and virtual reality (VR) hardware is steadily pervading everyday life, with affordable off-the-shelf hardware becoming increasingly available to …";"Query date: 2025-12-11 15:31:01";""
