"item type";"author";"title";"journal";"publisher";"url";"fulltext";"related";"year";"abstract";"note";"doi";"type"
"article";"B Lee and M Sedlmair and ...";"Design patterns for situated visualization in augmented reality";"IEEE Transactions on …";"ieeexplore.ieee.org";"https://ieeexplore.ieee.org/abstract/document/10297565/";"https://ieeexplore.ieee.org/iel7/2945/10373160/10297565.pdf";"https://scholar.google.com/scholar?q=related:UeE9Kd_plzYJ:scholar.google.com/\&scioq=\&hl=en\&as_sdt=2005\&sciodt=0,5";"2023";"Situated visualization has become an increasingly popular research area in the visualization community, fueled by advancements in augmented reality (AR) technology and immersive …";"Query date: 2025-12-11 15:30:10";"";""
"article";"JH Schröder and D Schacht and N Peper and ...";"Collaborating across realities: Analytical lenses for understanding dyadic collaboration in transitional interfaces";"Proceedings of the …";"dl.acm.org";"https://dl.acm.org/doi/abs/10.1145/3544548.3580879";"https://dl.acm.org/doi/pdf/10.1145/3544548.3580879";"https://scholar.google.com/scholar?q=related:t6BizEFMApkJ:scholar.google.com/\&scioq=\&hl=en\&as_sdt=2005\&sciodt=0,5";"2023";"Transitional Interfaces are a yet underexplored, emerging class of cross-reality user interfaces that enable users to freely move along the reality-virtuality continuum during …";"Query date: 2025-12-11 15:30:10";"10.1145/3544548.3580879";""
"article";"R Langner and M Satkowski and W Büschel and ...";"Marvis: Combining mobile devices and augmented reality for visual data analysis";"Proceedings of the 2021 …";"dl.acm.org";"https://dl.acm.org/doi/abs/10.1145/3411764.3445593";"https://dl.acm.org/doi/pdf/10.1145/3411764.3445593";"https://scholar.google.com/scholar?q=related:-dJM-v5p5AMJ:scholar.google.com/\&scioq=\&hl=en\&as_sdt=2005\&sciodt=0,5";"2021";"We present Marvis, a conceptual framework that combines mobile devices and head-mounted Augmented Reality (AR) for visual data analysis. We propose novel concepts and …";"Query date: 2025-12-11 15:30:10";"10.1145/3411764.3445593";""
"article";"K Monteiro and R Vatsal and N Chulpongsatorn and ...";"Teachable reality: Prototyping tangible augmented reality with everyday objects by leveraging interactive machine teaching";"Proceedings of the …";"dl.acm.org";"https://dl.acm.org/doi/abs/10.1145/3544548.3581449";"https://dl.acm.org/doi/pdf/10.1145/3544548.3581449";"https://scholar.google.com/scholar?q=related:lGC9E0AZrJkJ:scholar.google.com/\&scioq=\&hl=en\&as_sdt=2005\&sciodt=0,5";"2023";"This paper introduces Teachable Reality, an augmented reality (AR) prototyping tool for creating interactive tangible AR applications with arbitrary everyday objects. Teachable …";"Query date: 2025-12-11 15:30:10";"10.1145/3544548.3581449";""
"article";"X Jin and W Tong and X Wei and X Wang and E Kuang and X Mo and ...";"Exploring the opportunity of augmented reality (AR) in supporting older adults to explore and learn smartphone applications";"Proceedings of the …";"dl.acm.org";"https://dl.acm.org/doi/abs/10.1145/3613904.3641901";"https://dl.acm.org/doi/pdf/10.1145/3613904.3641901";"https://scholar.google.com/scholar?q=related:V1yBMYU2NysJ:scholar.google.com/\&scioq=\&hl=en\&as_sdt=2005\&sciodt=0,5";"2024";"The global aging trend compels older adults to navigate the evolving digital landscape, presenting a substantial challenge in mastering smartphone applications. While Augmented …";"Query date: 2025-12-11 15:30:10";"10.1145/3613904.3641901";""
"article";"A Batch and PWS Butcher and PD Ritsos and ...";"Wizualization: A “hard magic” visualization system for immersive and ubiquitous analytics";"IEEE Transactions on …";"ieeexplore.ieee.org";"https://ieeexplore.ieee.org/abstract/document/10294315/";"https://ieeexplore.ieee.org/iel7/2945/10373160/10294315.pdf";"https://scholar.google.com/scholar?q=related:fBPxfTuS-EgJ:scholar.google.com/\&scioq=\&hl=en\&as_sdt=2005\&sciodt=0,5";"2023";"What if magic could be used as an effective metaphor to perform data visualization and analysis using speech and gestures while mobile and on-the-go? In this paper, we introduce …";"Query date: 2025-12-11 15:30:10";"";""
"article";"I Belkacem and C Tominski and N Médoc and ...";"Interactive Visualization on Large High‐Resolution Displays: A Survey";"Computer Graphics …";"Wiley Online Library";"https://onlinelibrary.wiley.com/doi/abs/10.1111/cgf.15001";"https://onlinelibrary.wiley.com/doi/pdf/10.1111/cgf.15001";"https://scholar.google.com/scholar?q=related:7naM31cRna0J:scholar.google.com/\&scioq=\&hl=en\&as_sdt=2005\&sciodt=0,5";"2024";"In the past few years, large high‐resolution displays (LHRDs) have attracted considerable attention from researchers, industries and application areas that increasingly rely on data …";"Query date: 2025-12-11 15:30:10";"10.1111/cgf.15001";""
"article";"X Jin";"Empowering autonomous digital learning for older adults";"Extended Abstracts of the CHI Conference on Human …";"dl.acm.org";"https://dl.acm.org/doi/abs/10.1145/3613905.3651133";"https://dl.acm.org/doi/full/10.1145/3613905.3651133";"https://scholar.google.com/scholar?q=related:3z1xMbDxsbkJ:scholar.google.com/\&scioq=\&hl=en\&as_sdt=2005\&sciodt=0,5";"2024";"The widespread adoption of smartphones has fundamentally transformed access to digital services, offering conveniences but also increased complexity. This presents a challenge for …";"Query date: 2025-12-11 15:30:10";"10.1145/3613905.3651133";""
"article";"HC Jetter and JH Schröder and J Gugenheimer and ...";"Transitional interfaces in mixed and cross-reality: A new frontier?";"… Proceedings of the …";"dl.acm.org";"https://dl.acm.org/doi/abs/10.1145/3447932.3487940";"https://dl.acm.org/doi/pdf/10.1145/3447932.3487940";"https://scholar.google.com/scholar?q=related:ggIh9elePWoJ:scholar.google.com/\&scioq=\&hl=en\&as_sdt=2005\&sciodt=0,5";"2021";"Transitional interfaces (TIs) and related concepts such as cross-reality (XR) or cross-virtuality (XV) are key topics for future HCI and AR/VR research. Future TIs will enable users …";"Query date: 2025-12-11 15:30:10";"10.1145/3447932.3487940";""
"article";"V Pooryousef and M Cordeil and L Besançon and ...";"Collaborative forensic autopsy documentation and supervised report generation using a hybrid mixed-reality environment and generative ai";"… on Visualization and …";"ieeexplore.ieee.org";"https://ieeexplore.ieee.org/abstract/document/10669822/";"https://ieeexplore.ieee.org/iel8/2945/4359476/10669822.pdf";"https://scholar.google.com/scholar?q=related:XHi7wVFcigEJ:scholar.google.com/\&scioq=\&hl=en\&as_sdt=2005\&sciodt=0,5";"2024";"Forensic investigation is a complex procedure involving experts working together to establish cause of death and report findings to legal authorities. While new technologies are …";"Query date: 2025-12-11 15:30:10";"";""
"article";"J Li and L Qiu and Z Wu and Q Chen and Z Wang and M Fan";"ExplorAR: Assisting Older Adults to Learn Smartphone Apps through AR-powered Trial-and-Error with Interactive Guidance";"Proceedings of the 33rd ACM …";"dl.acm.org";"https://dl.acm.org/doi/abs/10.1145/3746027.3755578";"https://dl.acm.org/doi/pdf/10.1145/3746027.3755578";"https://scholar.google.com/scholar?q=related:-bjxbfyM93gJ:scholar.google.com/\&scioq=\&hl=en\&as_sdt=2005\&sciodt=0,5";"2025";"Older adults tend to encounter challenges when learning to use new smartphone apps due to age-related cognitive and physical changes. Compared to traditional support methods …";"Query date: 2025-12-11 15:30:10";"10.1145/3746027.3755578";""
"article";"J Grubert";"Mixed reality interaction techniques";"Springer Handbook of Augmented Reality";"Springer";"https://link.springer.com/chapter/10.1007/978-3-030-67822-7_5";"";"https://scholar.google.com/scholar?q=related:I5G60-8IG0IJ:scholar.google.com/\&scioq=\&hl=en\&as_sdt=2005\&sciodt=0,5";"2023";"This chapter gives an overview of the interaction techniques for mixed reality with its variations of augmented and virtual reality (AR/VR). Various modalities for input and output …";"Query date: 2025-12-11 15:30:10";"10.1007/978-3-030-67822-7_5";""
"article";"S Hubenschmid and M Satkowski and J Zagermann and ...";"Hybrid User Interfaces: Past, Present, and Future of Complementary Cross-Device Interaction in Mixed Reality";"arXiv preprint arXiv …";"arxiv.org";"https://arxiv.org/abs/2509.05491";"https://arxiv.org/pdf/2509.05491";"https://scholar.google.com/scholar?q=related:Y2-OPVSWpEkJ:scholar.google.com/\&scioq=\&hl=en\&as_sdt=2005\&sciodt=0,5";"2025";"We investigate hybrid user interfaces (HUIs), aiming to establish a cohesive understanding and adopt consistent terminology for this nascent research area. HUIs combine …";"Query date: 2025-12-11 15:30:10";"";""
"article";"J Grubert";"Mixed reality interaction techniques";"arXiv preprint arXiv:2103.05984";"arxiv.org";"https://arxiv.org/abs/2103.05984";"https://arxiv.org/pdf/2103.05984";"https://scholar.google.com/scholar?q=related:xyFuPfcSe5gJ:scholar.google.com/\&scioq=\&hl=en\&as_sdt=2005\&sciodt=0,5";"2021";"This chapter gives an overview of interaction techniques for mixed reality including augmented and virtual reality (AR/VR). Various modalities for input and output are …";"Query date: 2025-12-11 15:30:10";"";""
"article";"M Satkowski and J Méndez";"Fantastic Hybrid User Interfaces and How to Define Them";"2023 IEEE International Symposium …";"ieeexplore.ieee.org";"https://ieeexplore.ieee.org/abstract/document/10322280/";"https://ieeexplore.ieee.org/iel7/10322104/10322117/10322280.pdf";"https://scholar.google.com/scholar?q=related:zuv5Y1gy1NIJ:scholar.google.com/\&scioq=\&hl=en\&as_sdt=2005\&sciodt=0,5";"2023";"Hybrid User Interfaces (HUIs) describe a combination of several devices into one system. Such a combination promises to alleviate the disadvantages of one device by adding …";"Query date: 2025-12-11 15:30:10";"";""
"article";"K Gryphon and V Vu and H Chung";"A Design Space of Multi-Display Spatial Interactions for Visualization Tasks";"Proceedings of the 2023 ACM Symposium …";"dl.acm.org";"https://dl.acm.org/doi/abs/10.1145/3607822.3614516";"https://dl.acm.org/doi/pdf/10.1145/3607822.3614516";"https://scholar.google.com/scholar?q=related:LUb5UVjRRiEJ:scholar.google.com/\&scioq=\&hl=en\&as_sdt=2005\&sciodt=0,5";"2023";"This paper presents a design space of spatial interaction techniques for multi-display visualizations. By analyzing 56 papers on multi-display tools and techniques, we identify the …";"Query date: 2025-12-11 15:30:10";"10.1145/3607822.3614516";""
"article";"J Méndez and M Satkowski and ...";"How Does Explainability Look in Hybrid User Interfaces?";"2023 IEEE International …";"ieeexplore.ieee.org";"https://ieeexplore.ieee.org/abstract/document/10322267/";"https://ieeexplore.ieee.org/iel7/10322104/10322117/10322267.pdf";"https://scholar.google.com/scholar?q=related:iDz80qCsf-MJ:scholar.google.com/\&scioq=\&hl=en\&as_sdt=2005\&sciodt=0,5";"2023";"The recent growth of Artificial Intelligence (AI) based systems considerably widespread their use in many application areas and our daily lives [28]. For instance, AI models are …";"Query date: 2025-12-11 15:30:10";"";""
"book";"X Jin";"Cognitive Bridges to Digital Inclusion: A Gerontological Framework for Autonomous Technology Learning in Late Adulthood";"";"search.proquest.com";"https://search.proquest.com/openview/1e33d7f8464a0276303ec99a954fe697/1?pq-origsite=gscholar\&cbl=2026366\&diss=y";"";"https://scholar.google.com/scholar?q=related:nI76xlc59LIJ:scholar.google.com/\&scioq=\&hl=en\&as_sdt=2005\&sciodt=0,5";"2025";"The ubiquitous integration of smartphones has precipitated a paradigm shift in digital service accessibility, simultaneously delivering transformative convenience and escalating …";"Query date: 2025-12-11 15:30:10";"";""
"book";"B Lee and M Sedlmair and D Schmalstieg";"Design Patterns for Situated Visualization in Augmented Reality: Supplementary Material";"";"benjaminchlee.github.io";"https://benjaminchlee.github.io/publication/lee-design-patterns-situated-2023/lee-design-patterns-situated-2023-supplemental.pdf";"https://benjaminchlee.github.io/publication/lee-design-patterns-situated-2023/lee-design-patterns-situated-2023-supplemental.pdf";"https://scholar.google.com/scholar?q=related:eJpvXk2aGJYJ:scholar.google.com/\&scioq=\&hl=en\&as_sdt=2005\&sciodt=0,5";"2023";"This supplementary document provides further insights from our survey, which applied a codebook of 10 situated visualization design patterns to a corpus of 293 papers. Please …";"Query date: 2025-12-11 15:30:10";"";"PDF"
"book";"KJ Monteiro and A Parnami";"Enabling rapid prototyping of tangible augmented reality experiences";"";"repository.iiitd.edu.in";"https://repository.iiitd.edu.in/jspui/handle/123456789/1357";"https://repository.iiitd.edu.in/jspui/bitstream/handle/123456789/1357/Thesis-Kyzyl_Monteiro.pdf?sequence=1\&isAllowed=y";"https://scholar.google.com/scholar?q=related:EJaTbk9KL-8J:scholar.google.com/\&scioq=\&hl=en\&as_sdt=2005\&sciodt=0,5";"2023";"We introduce Teachable Reality, an augmented reality (AR) prototyping tool for creating interactive tangible AR applications with arbitrary everyday objects. Teachable Reality …";"Query date: 2025-12-11 15:30:10";"";""
"book";"R Darbar";"Extending Interaction Space in Augmented Reality: Contributions in Optical-See-Through and Projection-Based Augmented Environments";"";"theses.hal.science";"https://theses.hal.science/tel-03363968/";"https://theses.hal.science/tel-03363968/document";"https://scholar.google.com/scholar?q=related:hbac8D8kTRkJ:scholar.google.com/\&scioq=\&hl=en\&as_sdt=2005\&sciodt=0,5";"2021";"Unlike desktop computing, Augmented reality (AR) blurs the boundaries between the physical and digital world by superimposing virtual information to the real environment. It is …";"Query date: 2025-12-11 15:30:10";"";""
"article";"M Satkowski and R Rzayev";"How Does Explainability Look in Hybrid User Interfaces?";"hybrid-ui-workshop.io";"";"https://hybrid-ui-workshop.io/proceedings/mendez2023how.pdf";"https://hybrid-ui-workshop.io/proceedings/mendez2023how.pdf";"https://scholar.google.com/scholar?q=related:6LwFCAqF2ycJ:scholar.google.com/\&scioq=\&hl=en\&as_sdt=2005\&sciodt=0,5";"";"The recent growth of Artificial Intelligence (AI) based systems considerably widespread their use in many application areas and our daily lives [28]. For instance, AI models are …";"Query date: 2025-12-11 15:30:10";"";"PDF"
"article";"JS Kao and OC Haga and M Taheri";"Conceptualising Cinematic Augmented Reality";"publication.avanca.org";"";"https://publication.avanca.org/index.php/avancacinema/article/download/606/1202?inline=1";"https://publication.avanca.org/index.php/avancacinema/article/download/606/1202?inline=1";"https://scholar.google.com/scholar?q=related:8GIzeNFW_kwJ:scholar.google.com/\&scioq=\&hl=en\&as_sdt=2005\&sciodt=0,5";"";"Augmented Reality (AR) is considered as an innovative medium that presents novel experiences by overlaying virtual content over a physical space. Current AR narrative …";"Query date: 2025-12-11 15:30:10";"";"HTML"
"book";"C Plasson";"Interaction 2D/3D en réalité augmentée sur table";"";"theses.hal.science";"https://theses.hal.science/tel-03323142/";"https://theses.hal.science/tel-03323142/document";"https://scholar.google.com/scholar?q=related:0XVkg5OVSVYJ:scholar.google.com/\&scioq=\&hl=en\&as_sdt=2005\&sciodt=0,5";"2021";"Cette thèse s' inscrit dans le domaine de l'Interaction Humain-Machine (IHM) et est dédiée à l'interaction en Réalité Augmentée (RA) sur table. Permettre de visualiser des informations …";"Query date: 2025-12-11 15:30:10";"";""
