"Index";"Title";"year";"source";"Screening: Relevant?";"Eligible";"duplicate to";"Summary/Position Paper";"no system";"pure technical frameworks";"pure MR, single user";"collaboration across asymmetric devices";"components not self-contained";"Development/Authoring";"Gaming";"DataVis/Data Analysis";"SciVis";"Medical";"Productivity";"Collaboration";"Entertainment";"3D Object Manipulation";"3D Design/Sketching";"Text Entry / Annotations";"Study";"Other / None";"Use case / Area";"Hybrid UI";"Hybrid <other>";"Cross-Device";"Cross-Reality";"Multi-Device";"Augmented Display";"Transitional";"Undefined";"Other Terms";"Author's Terminology";"Empirical";"Artifact";"Method";"Theory";"Dataset";"Survey";"Opinion";"AR OST HWD";"AR VST HWD";"Handheld AR (Smartphone)";"Handheld AR (Tablet)";"Handheld AR";"Spatial AR (projector based)";"Stereoscopic Projection";"CAVE";"VR HWD";"Smartwatch";"Smartphone";"Tablet";"Laptop";"Desktop";"Projection";"Large Display";"Tabletop";"Informative";"Demonstration";"Technical Evaluation";"Usage";"Heuristic";"None";"legacy Synchronous";"parallel";"Serial";"exclusive";"Mirrored";"Mirrored ++";"Remote Control";"Spatial Distribution";"Augmented Display_duplicated_0";"VESAD";"Logical Distributed";"Migratory Interface";"Cross-Platform";"single user";"multi-user - shared comp.";"multi user - indv. comp.";"Near";"Personal";"Social";"Public";"Flexible";"Semi-Fixed";"Fixed";"Unidir. (MR-dependent)";"Bidirectional";"Unidir. (2D-dependent)";"Co-Located";"Remote";"Component Coupled";"Both";"Free";"Edge Case";"Interesting"
"3";"Immersive Mixed-Reality Configuration of Hybrid User Interfaces";"2005";"acm";"Yes";"Yes";"false";"false";"false";"false";"false";"false";"false";"true";"false";"false";"false";"false";"false";"false";"false";"false";"false";"false";"false";"false";"immersively reconfigure a running hybrid user interface";"true";"false";"false";"false";"false";"false";"false";"false";"false";"hybrid user interfaces, different but complementary displays";"false";"true";"false";"false";"false";"false";"false";"true";"false";"false";"false";"false";"false";"false";"false";"false";"false";"false";"false";"false";"true";"false";"false";"false";"false";"false";"false";"false";"false";"true";"false";"true";"false";"false";"false";"false";"false";"false";"false";"false";"true";"false";"false";"true";"false";"false";"false";"true";"false";"false";"false";"false";"true";"false";"true";"false";"true";"false";"true";"false";"false";"false";"false"
"8";"Interactive editing of segmented volumetric datasets in a hybrid 2D/3D virtual environment";"2006";"acm";"Yes";"Yes";"false";"false";"false";"false";"false";"false";"false";"false";"false";"false";"false";"true";"false";"false";"false";"false";"false";"false";"false";"false";"- medicine
- segmentation refinement (computer-aided liver surgery planning)";"true";"false";"false";"false";"false";"false";"false";"false";"false";"HUI, hybrid 2D/3D UI";"false";"true";"false";"false";"false";"false";"false";"false";"false";"false";"false";"false";"false";"true";"false";"false";"false";"false";"true";"false";"false";"false";"false";"false";"false";"false";"true";"false";"false";"false";"false";"false";"true";"false";"false";"false";"false";"false";"false";"false";"true";"false";"false";"true";"false";"false";"false";"true";"false";"false";"false";"false";"true";"false";"false";"true";"true";"false";"false";"false";"true";"false";"false"
"9";"Hybrid user interfaces: breeding virtually bigger interfaces for physically smaller computers";"1991";"acm";"Yes";"Yes";"false";"false";"false";"false";"false";"false";"false";"false";"false";"false";"false";"false";"true";"false";"false";"false";"false";"false";"false";"false";"office work
- window management ";"true";"false";"false";"false";"false";"false";"false";"false";"false";"HUI, multiple displays";"false";"true";"false";"false";"false";"false";"false";"true";"false";"false";"false";"false";"false";"false";"false";"false";"false";"false";"false";"false";"true";"false";"false";"false";"false";"false";"false";"false";"false";"true";"false";"true";"false";"false";"false";"false";"false";"false";"false";"true";"false";"false";"false";"true";"false";"false";"false";"true";"false";"false";"false";"true";"false";"false";"false";"true";"true";"false";"true";"false";"false";"false";"false"
"14";"Designing a hybrid user interface: a case study on an oil and gas application";"2009";"acm";"Yes";"Yes";"false";"false";"false";"false";"false";"false";"false";"false";"false";"false";"false";"false";"false";"false";"false";"false";"false";"true";"false";"false";"industrial plant planning, 3D annotation";"true";"false";"false";"false";"false";"false";"false";"false";"false";"HUI";"false";"true";"false";"false";"false";"false";"false";"false";"false";"false";"false";"false";"false";"false";"true";"false";"false";"false";"false";"false";"true";"false";"false";"false";"true";"false";"false";"false";"false";"false";"false";"false";"true";"true";"false";"false";"false";"false";"false";"false";"true";"false";"false";"true";"false";"false";"false";"true";"false";"false";"true";"false";"false";"false";"true";"false";"true";"false";"false";"true";"false";"false";"false"
"29";"Coordinated 3D interaction in tablet- and HMD-based hybrid virtual environments";"2014";"acm";"Yes";"Yes";"false";"false";"false";"false";"false";"false";"false";"true";"true";"false";"false";"false";"false";"false";"false";"false";"false";"false";"false";"false";"game (3D) level editor";"false";"true";"false";"false";"false";"false";"false";"false";"false";"Hybrid Virtual Environment
- inspired by HUI";"false";"true";"false";"false";"false";"false";"false";"false";"false";"false";"false";"false";"false";"false";"false";"true";"false";"false";"true";"false";"false";"false";"false";"false";"false";"false";"false";"true";"false";"false";"false";"false";"true";"true";"false";"false";"false";"false";"false";"false";"true";"false";"false";"true";"false";"false";"true";"false";"false";"false";"false";"false";"true";"false";"true";"false";"true";"false";"false";"false";"true";"false";"false"
"32";"MultiFi: Multi Fidelity Interaction with Displays On and Around the Body";"2015";"acm";"Yes";"Yes";"false";"false";"false";"false";"false";"false";"false";"false";"false";"false";"false";"false";"false";"false";"false";"false";"false";"false";"false";"true";"personal tool";"false";"false";"true";"false";"false";"false";"false";"false";"false";"""across devices"", ""crossing device boundaries""";"false";"true";"false";"false";"false";"false";"false";"true";"false";"false";"false";"false";"false";"false";"false";"false";"true";"true";"false";"false";"false";"false";"false";"false";"false";"false";"false";"true";"false";"false";"false";"true";"false";"false";"false";"false";"false";"true";"false";"true";"true";"false";"false";"true";"false";"false";"true";"false";"false";"false";"false";"true";"false";"false";"false";"true";"true";"false";"true";"false";"false";"false";"false"
"34";"Towering Defense: An Augmented Reality Multi-Device Game";"2015";"acm";"Yes";"Yes";"false";"false";"false";"false";"false";"false";"false";"false";"true";"false";"false";"false";"false";"false";"false";"false";"false";"false";"false";"false";"gaming";"false";"false";"false";"false";"true";"false";"false";"false";"false";"multi-display environment, multi-device environment";"false";"true";"false";"false";"false";"false";"false";"false";"false";"true";"false";"false";"false";"false";"false";"false";"false";"true";"true";"false";"false";"false";"false";"false";"false";"false";"false";"false";"false";"true";"false";"true";"false";"false";"false";"false";"false";"false";"true";"false";"false";"false";"false";"true";"false";"false";"false";"true";"false";"false";"false";"true";"false";"false";"true";"false";"true";"false";"true";"false";"false";"false";"false"
"38";"Capture The Flag: Engaging In A Multi-Device Augmented Reality Game";"2015";"acm";"Yes";"Yes";"false";"false";"false";"false";"false";"false";"false";"false";"true";"false";"false";"false";"false";"false";"false";"false";"false";"false";"false";"false";"gaming; installations, co-located";"false";"false";"false";"false";"true";"false";"false";"false";"false";"multi-device AR";"false";"true";"false";"false";"false";"false";"false";"false";"false";"true";"false";"true";"false";"false";"false";"false";"false";"false";"true";"false";"false";"false";"false";"false";"false";"false";"false";"false";"false";"true";"false";"true";"true";"false";"false";"false";"false";"false";"false";"false";"true";"false";"false";"false";"true";"false";"false";"false";"true";"false";"false";"false";"true";"false";"true";"false";"true";"false";"true";"false";"false";"false";"false"
"45";"Multi-device mixed reality TV: a collaborative experience with joint use of a tablet and a headset";"2017";"acm";"Yes";"Yes";"false";"false";"false";"false";"false";"false";"false";"false";"false";"false";"false";"false";"false";"false";"true";"false";"false";"false";"false";"false";"entertainment - watching/interacting TV";"false";"false";"false";"false";"true";"false";"false";"false";"false";"multi-device, extended TV";"false";"true";"false";"false";"false";"false";"false";"true";"false";"false";"true";"false";"false";"false";"false";"false";"false";"false";"false";"false";"false";"false";"true";"false";"false";"true";"false";"false";"false";"false";"false";"true";"false";"false";"false";"false";"false";"false";"false";"true";"true";"false";"false";"false";"true";"false";"false";"false";"true";"false";"false";"true";"false";"false";"true";"false";"true";"false";"false";"true";"false";"false";"false"
"46";"DebugAR: Mixed Dimensional Displays for Immersive Debugging of Distributed Systems";"2018";"acm";"Yes";"Yes";"false";"false";"false";"false";"false";"false";"false";"true";"false";"true";"false";"false";"false";"false";"false";"false";"false";"false";"false";"false";"data analysis and debugging";"false";"false";"false";"false";"true";"false";"false";"false";"false";"(immersive) multi-display environment";"false";"true";"false";"false";"false";"false";"false";"true";"false";"false";"false";"false";"false";"false";"false";"false";"false";"false";"false";"false";"true";"false";"false";"true";"false";"false";"false";"false";"false";"true";"false";"true";"false";"false";"false";"false";"false";"false";"true";"false";"false";"false";"false";"true";"false";"false";"false";"true";"false";"false";"false";"true";"false";"false";"false";"true";"true";"false";"true";"false";"false";"false";"false"
"57";"BISHARE: Exploring Bidirectional Interactions Between Smartphones and Head-Mounted Augmented Reality";"2020";"acm";"Yes";"Yes";"false";"false";"false";"false";"false";"false";"false";"false";"false";"false";"false";"false";"false";"false";"false";"false";"true";"false";"false";"false";"none, presentes a new design space
however, makes use of 3D modeling";"false";"false";"true";"false";"false";"false";"false";"false";"false";"cross-device";"false";"false";"false";"true";"false";"false";"false";"true";"false";"false";"false";"false";"false";"false";"false";"false";"false";"true";"false";"false";"false";"false";"false";"false";"false";"false";"false";"true";"false";"false";"false";"true";"true";"false";"false";"false";"false";"false";"false";"false";"true";"false";"false";"true";"false";"false";"false";"true";"false";"false";"true";"false";"false";"false";"true";"false";"true";"false";"false";"true";"false";"false";"true"
"58";"MRAT: The Mixed Reality Analytics Toolkit";"2020";"acm";"Yes";"Yes";"false";"false";"false";"false";"false";"false";"false";"true";"false";"true";"false";"false";"false";"false";"false";"false";"false";"false";"false";"false";"study, Software Development / Data Analysis";"false";"false";"true";"false";"false";"false";"false";"false";"false";"cross-device";"false";"true";"false";"false";"false";"false";"false";"true";"true";"false";"false";"false";"false";"false";"false";"false";"false";"true";"true";"false";"false";"false";"false";"false";"false";"false";"false";"true";"false";"false";"false";"false";"true";"true";"false";"false";"false";"false";"false";"false";"true";"false";"false";"true";"false";"true";"false";"true";"false";"false";"false";"true";"false";"false";"true";"false";"true";"false";"false";"false";"true";"false";"false"
"60";"Augmented Displays: Seamlessly Extending Interactive Surfaces With Head-Mounted Augmented Reality";"2020";"acm";"Yes";"Yes";"false";"false";"false";"false";"false";"false";"false";"false";"false";"false";"false";"false";"false";"false";"false";"false";"true";"false";"false";"false";"CAD, architecture";"false";"false";"false";"false";"false";"true";"false";"false";"false";"augmented displays";"false";"false";"false";"true";"false";"false";"false";"true";"false";"false";"false";"false";"false";"false";"false";"false";"false";"false";"false";"false";"false";"false";"false";"true";"false";"true";"false";"false";"false";"false";"false";"true";"false";"false";"false";"false";"false";"false";"true";"true";"true";"false";"false";"true";"false";"false";"false";"true";"false";"false";"false";"true";"false";"false";"false";"true";"true";"false";"false";"true";"false";"false";"false"
"61";"""Megereality"": Leveraging Physical Affordances for Multi-Device Gestural Interaction in Augmented Reality";"2020";"acm";"Yes";"Yes";"false";"false";"false";"false";"false";"false";"false";"false";"false";"false";"false";"false";"false";"false";"false";"false";"true";"true";"false";"true";"CAD, notetaking, IoT";"false";"false";"false";"false";"true";"false";"false";"false";"false";"multi-device";"false";"true";"false";"false";"false";"false";"false";"false";"true";"false";"false";"false";"false";"false";"false";"false";"false";"false";"true";"false";"true";"false";"false";"false";"false";"false";"false";"false";"false";"true";"false";"true";"false";"false";"false";"false";"false";"false";"false";"false";"false";"true";"false";"true";"false";"false";"false";"true";"false";"false";"true";"false";"false";"false";"true";"false";"true";"false";"false";"true";"false";"false";"false"
"62";"DesignAR: Immersive 3D-Modeling Combining Augmented Reality with Interactive Displays";"2019";"acm";"Yes";"Yes";"false";"false";"false";"false";"false";"false";"false";"false";"false";"false";"false";"false";"false";"false";"false";"false";"true";"false";"false";"false";"CAD, 3D design";"false";"false";"false";"false";"false";"true";"false";"false";"false";"augmented displays (relation to distributed interfaces)";"false";"true";"false";"false";"false";"false";"false";"true";"false";"false";"false";"false";"false";"false";"false";"false";"false";"false";"false";"false";"false";"false";"false";"true";"false";"false";"false";"false";"false";"true";"false";"true";"false";"false";"false";"false";"false";"false";"true";"true";"false";"false";"false";"true";"false";"false";"false";"true";"false";"false";"false";"true";"false";"false";"false";"true";"true";"false";"false";"true";"false";"false";"false"
"68";"Dual Phone AR: Using a Second Phone as a Controller for Mobile Augmented Reality";"2020";"acm";"Yes";"Yes";"false";"false";"false";"false";"false";"false";"false";"false";"true";"false";"false";"false";"false";"false";"false";"false";"true";"false";"false";"false";"gaming, drawing";"false";"false";"true";"false";"false";"false";"false";"false";"false";"cross-device";"false";"true";"false";"false";"false";"false";"false";"false";"false";"true";"false";"false";"false";"false";"false";"false";"false";"true";"false";"false";"false";"false";"false";"false";"false";"false";"false";"false";"false";"true";"false";"true";"false";"false";"false";"false";"false";"false";"false";"false";"true";"false";"false";"true";"false";"false";"false";"true";"false";"false";"false";"false";"true";"false";"true";"false";"true";"false";"false";"true";"false";"false";"false"
"77";"SecondSight: A Framework for Cross-Device Augmented Reality Interfaces";"2021";"acm";"Yes";"Yes";"false";"false";"false";"false";"false";"false";"false";"true";"false";"true";"false";"false";"false";"false";"false";"false";"false";"false";"false";"true";"2 example applications:  phone-centric navigation, health vis";"false";"false";"true";"false";"false";"false";"false";"false";"false";"cross-device / “smartphones and AR HMDs are complimentary and so a hybrid interface""";"false";"true";"false";"false";"false";"false";"false";"true";"false";"false";"false";"false";"false";"false";"false";"false";"false";"true";"false";"false";"false";"false";"false";"false";"false";"false";"false";"true";"false";"false";"false";"true";"false";"false";"false";"false";"false";"false";"false";"true";"true";"false";"false";"true";"false";"false";"false";"true";"false";"false";"false";"false";"true";"false";"false";"true";"true";"false";"false";"true";"false";"false";"false"
"79";"MARVIS: Combining Mobile Devices and Augmented Reality for Visual Data Analysis";"2021";"acm";"Yes";"Yes";"false";"false";"false";"false";"false";"false";"false";"false";"false";"true";"false";"false";"false";"false";"false";"false";"false";"false";"false";"false";"visual data analysis / infovis";"false";"false";"true";"false";"false";"false";"false";"false";"false";"cross-device interaction, augmented displays, head-mounted augmented reality, multi-display environments";"false";"false";"false";"true";"false";"false";"false";"true";"false";"false";"false";"false";"false";"false";"false";"false";"false";"false";"true";"false";"false";"false";"false";"false";"true";"true";"false";"true";"false";"false";"false";"true";"false";"false";"false";"false";"false";"false";"true";"true";"false";"false";"false";"true";"true";"true";"false";"true";"true";"false";"false";"true";"false";"false";"false";"true";"true";"false";"true";"false";"false";"false";"false"
"86";"AR-enhanced Widgets for Smartphone-centric Interaction";"2021";"acm";"Yes";"Yes";"false";"false";"false";"false";"false";"false";"false";"false";"false";"false";"false";"false";"true";"false";"false";"false";"false";"false";"false";"false";"none, mobile computing";"false";"false";"false";"false";"true";"false";"false";"false";"false";"mobile multi-device environments";"true";"false";"false";"false";"false";"false";"false";"true";"false";"false";"false";"false";"false";"false";"false";"false";"false";"true";"false";"false";"false";"false";"false";"false";"false";"false";"false";"true";"false";"false";"false";"true";"false";"false";"false";"false";"false";"false";"false";"true";"false";"false";"false";"true";"false";"false";"false";"true";"false";"false";"false";"false";"true";"false";"true";"false";"true";"false";"true";"false";"false";"false";"false"
"103";"Collaborating Across Realities: Analytical Lenses for Understanding Dyadic Collaboration in Transitional Interfaces";"2023";"acm";"Yes";"Yes";"false";"false";"false";"false";"false";"false";"false";"false";"false";"false";"false";"false";"false";"true";"false";"false";"false";"false";"false";"false";"collaborative design of a 3D scene/environment
- spatial optimization";"false";"false";"false";"false";"false";"false";"true";"false";"false";"transitional interface (relation to cross reality)";"false";"false";"true";"false";"false";"false";"false";"false";"false";"false";"true";"false";"false";"false";"false";"true";"false";"false";"false";"false";"true";"false";"false";"false";"true";"false";"false";"false";"false";"false";"false";"false";"false";"true";"false";"false";"false";"false";"false";"false";"true";"false";"false";"false";"false";"true";"false";"false";"true";"false";"true";"false";"false";"false";"true";"false";"true";"false";"false";"false";"true";"false";"false"
"104";"ARound the Smartphone: Investigating the Effects of Virtually-Extended Display Size on Spatial Memory";"2023";"acm";"Yes";"Yes";"false";"false";"false";"false";"false";"false";"false";"false";"false";"false";"false";"false";"false";"false";"false";"false";"false";"false";"true";"false";"content distribution
- spatial memory";"true";"false";"false";"false";"false";"false";"false";"false";"false";"virtually-extended displays, hybrid user interfaces";"true";"false";"false";"false";"false";"false";"false";"false";"true";"false";"false";"false";"false";"false";"false";"false";"false";"true";"false";"false";"false";"false";"false";"false";"true";"false";"false";"false";"false";"false";"false";"true";"false";"false";"false";"false";"false";"false";"false";"true";"false";"false";"false";"true";"false";"false";"false";"true";"false";"false";"false";"true";"false";"false";"false";"true";"true";"false";"true";"false";"false";"false";"false"
"105";"HoloTouch: Interacting with Mixed Reality Visualizations Through Smartphone Proxies";"2023";"acm";"Yes";"Yes";"false";"false";"false";"false";"false";"false";"false";"false";"false";"true";"false";"false";"false";"false";"false";"false";"false";"false";"false";"false";"data analysis";"false";"false";"true";"false";"false";"false";"false";"false";"false";"cross-device";"false";"true";"false";"false";"false";"false";"false";"true";"false";"false";"false";"false";"false";"false";"false";"false";"false";"true";"false";"false";"false";"false";"false";"false";"false";"false";"false";"true";"false";"false";"false";"true";"false";"false";"false";"false";"false";"false";"true";"false";"false";"false";"false";"true";"false";"false";"false";"true";"false";"false";"false";"false";"true";"false";"false";"true";"true";"false";"true";"false";"false";"false";"false"
"112";"Exploring the Use of Smartphones as Input Devices for the Mixed Reality Environment";"2023";"acm";"Yes";"Yes";"false";"false";"false";"false";"false";"false";"false";"false";"false";"false";"false";"false";"false";"true";"false";"true";"false";"false";"false";"false";"collaboration in MR (obj manipulation)";"true";"false";"false";"false";"false";"false";"false";"false";"false";"hybrid user interface (complementary, cross-device, hybrid reality environment, hybrid user interface) ";"true";"false";"false";"false";"false";"false";"false";"true";"false";"true";"true";"false";"false";"false";"false";"false";"false";"false";"false";"false";"false";"false";"false";"false";"false";"true";"false";"false";"false";"false";"false";"true";"false";"false";"false";"false";"false";"false";"false";"false";"true";"false";"false";"false";"false";"true";"false";"true";"true";"false";"true";"false";"false";"false";"true";"false";"true";"false";"false";"false";"true";"false";"false"
"123";"SwitchSpace: Understanding Context-Aware Peeking Between VR and Desktop Interfaces";"2024";"acm";"Yes";"Yes";"false";"false";"false";"false";"false";"false";"false";"false";"false";"false";"false";"false";"false";"false";"false";"false";"false";"false";"true";"false";"study specific (math formula)";"false";"false";"false";"true";"false";"false";"false";"false";"false";"cross-reality";"false";"false";"false";"true";"false";"false";"false";"false";"false";"false";"false";"false";"false";"false";"false";"true";"false";"false";"false";"false";"true";"false";"false";"false";"true";"false";"false";"true";"false";"false";"false";"false";"true";"true";"false";"false";"false";"false";"false";"false";"true";"true";"false";"true";"false";"false";"false";"true";"false";"false";"true";"false";"false";"false";"true";"false";"true";"false";"false";"false";"true";"false";"false"
"126";"Intent-driven input device arbitration for XR";"2024";"acm";"Yes";"Yes";"false";"false";"false";"false";"false";"false";"false";"false";"false";"false";"false";"false";"false";"false";"false";"false";"false";"false";"false";"true";"device arbirtration (decide which device should be in control)
mobile computing";"false";"false";"true";"false";"false";"false";"false";"false";"false";"cross-device, multi-device, mixed reality";"false";"true";"false";"false";"false";"false";"false";"false";"true";"false";"false";"false";"false";"false";"false";"true";"true";"true";"false";"false";"false";"false";"false";"false";"false";"true";"true";"false";"false";"false";"false";"true";"true";"true";"false";"false";"true";"false";"false";"false";"true";"true";"false";"true";"false";"false";"true";"true";"false";"false";"true";"false";"false";"false";"true";"false";"true";"false";"false";"false";"true";"false";"false"
"131";"DeAR: Combining Desktop and Augmented Reality for Visual Data Analysis";"2024";"acm";"Yes";"Yes";"false";"false";"false";"false";"false";"false";"false";"false";"false";"true";"false";"false";"false";"false";"false";"false";"false";"false";"false";"false";"data analysis / immersive analytics";"true";"false";"false";"false";"false";"false";"false";"false";"false";"hybrid user interfaces, heterogeneous interfaces, augmented reality, hybrid environment";"false";"true";"false";"false";"false";"false";"false";"true";"false";"false";"false";"false";"false";"false";"false";"false";"false";"false";"false";"false";"true";"false";"false";"false";"false";"true";"false";"false";"false";"false";"false";"false";"true";"true";"false";"true";"false";"false";"false";"false";"false";"false";"false";"true";"false";"false";"false";"true";"false";"false";"true";"false";"false";"false";"true";"false";"true";"false";"false";"false";"true";"false";"false"
"136";"User Preferences for Interactive 3D Object Transitions in Cross Reality - An Elicitation Study";"2024";"acm";"Yes";"Yes";"false";"false";"false";"false";"false";"false";"false";"false";"false";"false";"false";"false";"false";"false";"false";"false";"false";"false";"true";"false";"interactions for 3D obj transitions";"false";"false";"false";"true";"false";"false";"false";"false";"false";"cross-reality ";"true";"false";"false";"false";"false";"false";"false";"true";"false";"false";"false";"false";"false";"false";"false";"false";"false";"false";"false";"false";"true";"false";"false";"false";"true";"false";"false";"false";"false";"false";"false";"true";"false";"false";"false";"false";"false";"false";"false";"false";"false";"true";"false";"true";"false";"false";"false";"true";"false";"false";"true";"false";"false";"false";"true";"false";"true";"false";"false";"true";"false";"false";"false"
"168";"Creating hybrid user interfaces with a 2D multi-touch tabletop and a 3D see-through head-worn display";"2011";"ieee";"Yes";"Yes";"false";"false";"false";"false";"false";"false";"false";"false";"false";"false";"true";"false";"false";"false";"false";"false";"false";"false";"false";"false";"3D modelling, urban visualization";"true";"false";"false";"false";"false";"false";"false";"false";"false";"HUI / hybrid interface";"false";"true";"false";"false";"false";"false";"false";"false";"true";"false";"false";"false";"false";"false";"false";"false";"false";"false";"false";"false";"false";"false";"false";"true";"false";"false";"false";"false";"false";"true";"false";"true";"false";"false";"false";"false";"false";"false";"true";"false";"false";"false";"false";"true";"false";"false";"false";"false";"true";"false";"false";"false";"true";"false";"false";"true";"true";"false";"true";"false";"false";"false";"false"
"181";"Single User Cross Reality Workflow for Reservoir Engineering Work in Progress";"2023";"ieee";"Yes";"Yes";"false";"false";"false";"false";"false";"false";"false";"false";"false";"false";"true";"false";"false";"false";"false";"false";"false";"false";"false";"false";"scivis (reseirvoir engineering)";"false";"false";"false";"true";"false";"false";"false";"false";"false";"cross reality workflow";"false";"true";"false";"false";"false";"false";"false";"false";"true";"false";"false";"false";"false";"false";"false";"false";"false";"false";"false";"false";"true";"false";"false";"false";"false";"false";"false";"false";"false";"true";"false";"false";"false";"true";"false";"false";"false";"false";"false";"false";"true";"false";"false";"true";"false";"false";"false";"true";"false";"false";"true";"false";"false";"false";"true";"false";"true";"false";"false";"false";"true";"false";"false"
"200";"Text Entry Performance and Situation Awareness of a Joint Optical See-Through Head-Mounted Display and Smartphone System";"2023";"ieee";"Yes";"Yes";"false";"false";"false";"false";"false";"false";"false";"false";"false";"false";"false";"false";"false";"false";"false";"false";"false";"true";"false";"false";"mobile text entry and situational awareness";"false";"false";"false";"false";"true";"false";"false";"false";"false";"Mobile multi-display
joint OST HMD-Smartphone system";"true";"false";"false";"false";"false";"false";"false";"true";"false";"false";"false";"false";"false";"false";"false";"false";"false";"true";"false";"false";"false";"false";"false";"false";"true";"false";"false";"false";"false";"false";"false";"true";"true";"false";"false";"false";"false";"false";"false";"true";"true";"false";"false";"true";"false";"false";"false";"true";"false";"false";"false";"true";"false";"false";"false";"true";"true";"false";"false";"true";"false";"false";"false"
"209";"Simultaneous Real Walking and Asymmetric Input in Virtual Reality with a Smartphone-based Hybrid Interface";"2021";"ieee";"Yes";"Yes";"false";"false";"false";"false";"false";"false";"false";"false";"false";"false";"false";"false";"false";"false";"false";"true";"false";"false";"false";"true";"walking in VR and 3D object manipulation";"true";"false";"false";"false";"false";"false";"false";"false";"false";"hybrid interface";"false";"true";"false";"false";"false";"false";"false";"false";"false";"false";"false";"false";"false";"false";"false";"true";"false";"true";"false";"false";"false";"false";"false";"false";"false";"true";"false";"false";"false";"false";"false";"true";"false";"false";"false";"false";"false";"false";"false";"false";"true";"false";"false";"true";"false";"false";"false";"true";"false";"false";"false";"false";"true";"false";"true";"false";"true";"false";"false";"false";"true";"false";"false"
"230";"Towards a Desktop-AR Prototyping Framework: Prototyping Cross-Reality Between Desktops and Augmented Reality";"2022";"ieee";"Yes";"Yes";"false";"false";"false";"false";"false";"false";"false";"false";"false";"false";"false";"false";"false";"false";"false";"false";"true";"false";"false";"false";"desktop extension, CAD
""working in 3D"" obj transitions between desktop and AR (mentions CAD and creating virtual worlds)";"false";"false";"false";"true";"false";"false";"false";"false";"false";"cross-reality, (hybrid configuration, hybrid user interface)";"false";"true";"false";"false";"false";"false";"false";"true";"false";"false";"false";"false";"false";"false";"false";"false";"false";"false";"false";"false";"true";"false";"false";"false";"false";"false";"false";"false";"false";"true";"false";"true";"true";"false";"false";"false";"false";"true";"false";"true";"false";"false";"false";"true";"false";"false";"false";"true";"false";"false";"false";"true";"false";"false";"true";"false";"true";"false";"false";"true";"false";"false";"false"
"242";"A Hybrid User Interface for Manipulation of Volumetric Medical Data";"2006";"ieee";"Yes";"Yes";"false";"false";"false";"false";"false";"false";"false";"false";"false";"false";"true";"true";"false";"false";"false";"false";"false";"false";"false";"false";"medicine (volumetric data manipulation)";"true";"false";"false";"false";"false";"false";"false";"false";"false";"HUI";"false";"true";"false";"false";"false";"false";"false";"false";"false";"false";"false";"false";"false";"true";"false";"false";"false";"false";"true";"false";"false";"false";"false";"false";"false";"false";"false";"true";"false";"false";"false";"false";"true";"false";"false";"false";"false";"false";"false";"false";"true";"false";"false";"true";"false";"false";"false";"true";"false";"false";"false";"false";"true";"false";"false";"true";"true";"false";"false";"false";"true";"false";"false"
"244";"Exploring the Effects of Virtually-Augmented Display Sizes on Usersâ€™ Spatial Memory in Smartwatches";"2023";"ieee";"Yes";"Yes";"false";"false";"false";"false";"false";"false";"false";"false";"false";"false";"false";"false";"false";"false";"false";"false";"false";"false";"true";"false";"smartwatch extension
- spatial memory";"false";"false";"false";"false";"false";"false";"false";"false";"true";"virtually-augmented display, Virtually Extended User Interfaces";"true";"false";"false";"false";"false";"false";"false";"false";"true";"false";"false";"false";"false";"false";"false";"false";"true";"false";"false";"false";"false";"false";"false";"false";"true";"false";"false";"false";"false";"false";"false";"true";"false";"false";"false";"false";"false";"false";"false";"true";"false";"false";"false";"true";"false";"false";"true";"false";"false";"false";"false";"true";"false";"false";"false";"true";"true";"false";"true";"false";"false";"false";"false"
"262";"XDTK: A Cross-Device Toolkit for Input & Interaction in XR";"2024";"ieee";"Yes";"Yes";"false";"false";"false";"false";"false";"false";"false";"true";"false";"false";"false";"false";"false";"false";"false";"false";"false";"false";"false";"false";"toolkit for Android - Unity interaction
Prototyping toolkit";"false";"false";"true";"false";"true";"false";"false";"false";"false";"cross-device, multi-device, extended reality";"false";"true";"false";"false";"false";"false";"false";"false";"true";"false";"false";"false";"false";"false";"false";"false";"true";"true";"true";"false";"false";"false";"false";"false";"false";"false";"false";"false";"false";"true";"false";"true";"true";"false";"false";"false";"true";"false";"false";"false";"true";"false";"false";"true";"true";"false";"true";"true";"false";"false";"false";"false";"false";"false";"false";"true";"true";"false";"false";"false";"true";"false";"true"
"263";"Cross-dimensional gestural interaction techniques for hybrid immersive environments";"2005";"ieee";"Yes";"Yes";"false";"false";"false";"false";"false";"false";"false";"false";"false";"false";"true";"false";"false";"false";"false";"false";"false";"false";"false";"false";"archaeological scenario, Interaction techniques";"true";"false";"true";"false";"false";"false";"false";"false";"false";"HUI, cross-device gestural interface";"false";"true";"false";"false";"false";"false";"false";"true";"false";"false";"false";"false";"false";"false";"false";"false";"false";"false";"false";"false";"true";"false";"false";"true";"false";"false";"false";"true";"false";"false";"false";"true";"false";"false";"false";"false";"false";"false";"false";"false";"true";"false";"false";"false";"true";"false";"false";"true";"true";"false";"false";"false";"true";"false";"true";"false";"true";"false";"false";"true";"false";"false";"false"
"266";"Alpaca: AR Graphics Extensions for Web Applications";"2020";"ieee";"Yes";"Yes";"false";"false";"false";"false";"false";"false";"false";"false";"false";"false";"false";"false";"false";"false";"false";"false";"false";"false";"false";"true";"private use, data analysis, book reading";"false";"false";"true";"false";"true";"false";"false";"false";"false";"multi-device, mixed-space web application, cross-device event handling";"false";"true";"false";"false";"false";"false";"false";"true";"false";"true";"false";"false";"false";"false";"false";"false";"false";"false";"false";"true";"false";"false";"false";"false";"false";"false";"true";"false";"false";"false";"false";"false";"true";"false";"false";"false";"false";"false";"false";"false";"true";"false";"false";"true";"false";"false";"false";"true";"false";"false";"true";"false";"false";"false";"true";"false";"true";"false";"false";"false";"true";"false";"false"
"275";"Augmented TV: An augmented reality system for TV programs beyond the TV screen";"2014";"ieee";"Yes";"Yes";"false";"false";"false";"false";"false";"false";"false";"false";"false";"false";"false";"false";"false";"false";"true";"false";"false";"false";"false";"false";"entertainment";"false";"false";"false";"false";"false";"true";"false";"false";"false";"augmented TV (multi-device)";"false";"true";"false";"false";"false";"false";"false";"false";"false";"false";"true";"false";"false";"false";"false";"false";"false";"false";"false";"false";"false";"false";"true";"false";"false";"false";"true";"false";"false";"false";"false";"true";"false";"false";"false";"false";"false";"false";"true";"false";"true";"false";"false";"true";"false";"false";"false";"true";"true";"false";"false";"true";"false";"false";"false";"true";"true";"false";"true";"false";"false";"false";"false"
"281";"Enhancing the Reading Experience on AR HMDs by Using Smartphones as Assistive Displays";"2023";"ieee";"Yes";"Yes";"false";"false";"false";"false";"false";"false";"false";"false";"false";"false";"false";"false";"false";"false";"false";"false";"false";"true";"false";"false";"text reading";"true";"false";"false";"false";"true";"false";"false";"false";"false";"hybrid interface, multi-display environment (relate to Augmented Display, HUI in RW)";"true";"false";"false";"false";"false";"false";"false";"true";"false";"false";"false";"false";"false";"false";"false";"false";"false";"true";"false";"false";"false";"false";"false";"false";"true";"false";"false";"false";"false";"false";"false";"true";"true";"false";"false";"false";"false";"false";"false";"false";"true";"false";"false";"true";"false";"false";"false";"true";"false";"false";"false";"true";"false";"false";"true";"false";"true";"false";"false";"false";"true";"false";"false"
"293";"Hybrid UIs for Music Exploration in AR and VR";"2018";"ieee";"Yes";"Yes";"false";"false";"false";"false";"false";"false";"false";"false";"false";"false";"false";"false";"false";"false";"true";"false";"false";"false";"false";"false";"music exploration";"true";"false";"true";"false";"false";"false";"false";"false";"false";"hybrid user interface, cross-device";"false";"true";"false";"false";"false";"false";"false";"true";"false";"false";"false";"false";"false";"false";"false";"true";"false";"false";"false";"false";"false";"false";"false";"true";"false";"false";"false";"false";"false";"true";"false";"true";"true";"false";"false";"false";"false";"false";"true";"false";"false";"false";"false";"true";"false";"false";"false";"true";"false";"false";"false";"true";"false";"false";"true";"false";"true";"false";"true";"false";"false";"false";"false"
"294";"Enhancing Smishing Detection in AR Environments: Cross-Device Solutions for Seamless Reality";"2024";"ieee";"Yes";"Yes";"false";"false";"false";"false";"false";"false";"false";"false";"false";"false";"false";"false";"false";"false";"false";"false";"false";"false";"false";"true";"data security/privacy (SMS-phishing detection)";"false";"false";"true";"false";"false";"false";"false";"false";"false";"cross-device, seamless reality";"false";"true";"false";"false";"false";"false";"false";"true";"false";"false";"false";"false";"false";"false";"false";"false";"false";"true";"false";"false";"true";"false";"false";"false";"false";"true";"false";"false";"false";"false";"false";"true";"false";"false";"false";"false";"false";"false";"false";"false";"true";"false";"false";"true";"false";"false";"false";"true";"false";"false";"false";"true";"false";"false";"false";"true";"true";"false";"false";"false";"true";"false";"false"
"298";"Enveloping users and computers in a collaborative 3D augmented reality";"1999";"ieee";"Yes";"Yes";"false";"false";"false";"false";"false";"false";"false";"false";"false";"false";"false";"false";"false";"true";"false";"false";"false";"false";"false";"false";"collaboration in an office environment (3D obj manipulation)";"true";"false";"false";"false";"false";"false";"false";"false";"false";"HUI, multi-computer direct manipulation interfaces";"false";"true";"false";"false";"false";"false";"false";"true";"false";"false";"false";"false";"false";"false";"false";"false";"false";"false";"true";"true";"true";"true";"false";"false";"false";"false";"false";"false";"false";"true";"false";"true";"false";"false";"false";"true";"false";"false";"true";"false";"true";"false";"false";"false";"true";"false";"false";"false";"true";"false";"false";"true";"false";"false";"true";"false";"true";"false";"false";"true";"false";"false";"false"
"334";"Toward the design of transitional interfaces: an exploratory study on a semi-immersive hybrid user interface";"2012";"springer";"Yes";"Yes";"false";"false";"false";"false";"false";"false";"false";"false";"false";"false";"false";"false";"false";"false";"false";"false";"true";"false";"false";"false";"CAD modeling";"true";"false";"false";"false";"false";"false";"true";"false";"false";"semi-immersive HUI
transitional interface";"false";"true";"false";"false";"false";"false";"false";"false";"false";"false";"false";"false";"false";"false";"true";"false";"false";"false";"false";"false";"true";"false";"false";"false";"false";"false";"false";"true";"false";"false";"false";"false";"true";"false";"false";"false";"false";"false";"false";"false";"false";"true";"false";"true";"false";"false";"false";"true";"false";"false";"false";"false";"true";"false";"true";"false";"true";"false";"false";"true";"false";"false";"false"
"348";"Seamless Virtual Object Transitions: Enhancing User Experience inÂ Cross-Device Augmented Reality Environments";"2023";"springer";"Yes";"Yes";"false";"false";"false";"false";"false";"false";"false";"false";"false";"false";"false";"false";"false";"false";"false";"false";"false";"false";"false";"true";"virtual zoo scenario";"false";"false";"true";"true";"false";"false";"false";"false";"false";"cross-device augmented reality environment, cross-device, cross-reality";"false";"true";"false";"false";"false";"false";"false";"true";"false";"false";"false";"false";"false";"false";"false";"false";"false";"false";"false";"false";"false";"true";"false";"false";"false";"false";"false";"true";"false";"false";"false";"false";"true";"false";"false";"false";"false";"false";"true";"false";"false";"false";"false";"true";"false";"false";"false";"false";"true";"false";"false";"true";"false";"false";"true";"false";"true";"false";"true";"false";"false";"false";"false"
"351";"Personal augmented reality for information visualization on large interactive displays";"2020";"refer-to-hui";"Yes";"Yes";"false";"false";"false";"false";"false";"false";"false";"false";"false";"true";"false";"false";"false";"false";"false";"false";"false";"false";"false";"false";"data analysis / immersive analytics";"false";"false";"false";"false";"false";"true";"false";"false";"true";"multiple coordinated views, augmented displays";"false";"true";"false";"false";"false";"false";"false";"true";"false";"false";"false";"false";"false";"false";"false";"false";"false";"false";"false";"false";"false";"false";"true";"false";"false";"true";"false";"false";"false";"false";"false";"true";"false";"false";"false";"false";"false";"false";"true";"false";"false";"false";"false";"true";"true";"false";"false";"false";"true";"false";"false";"true";"false";"false";"false";"true";"true";"false";"true";"false";"false";"false";"false"
"352";"Augmented surfaces: a spatially continuous work space for hybrid computing environments";"1999";"refer-to-hui";"Yes";"Yes";"false";"false";"false";"false";"false";"false";"false";"false";"false";"false";"false";"false";"false";"true";"false";"false";"false";"false";"false";"false";"work meetings, Interaction techniques";"false";"true";"false";"false";"false";"false";"false";"false";"true";"hybrid computing environments, ubiquitous computing";"false";"true";"false";"false";"false";"false";"false";"false";"false";"false";"false";"false";"true";"false";"false";"false";"false";"false";"false";"true";"false";"true";"false";"false";"false";"true";"false";"false";"false";"false";"false";"true";"false";"false";"false";"false";"false";"false";"false";"false";"true";"false";"false";"false";"true";"true";"false";"true";"true";"false";"false";"true";"false";"false";"false";"true";"true";"false";"false";"true";"false";"false";"false"
"353";"Relive: Bridging in-situ and ex-situ visual analytics for analyzing mixed reality user studies";"2022";"refer-to-hui";"Yes";"Yes";"false";"false";"false";"false";"false";"false";"false";"false";"false";"true";"false";"false";"false";"false";"false";"false";"false";"false";"false";"false";"data analysis";"true";"false";"false";"false";"false";"false";"false";"false";"false";"mixed reality; mixed-immersion, asynchronous HUI";"false";"true";"false";"false";"false";"false";"false";"false";"false";"false";"false";"false";"false";"false";"false";"true";"false";"false";"false";"false";"true";"false";"false";"false";"true";"false";"false";"true";"false";"false";"false";"false";"false";"true";"false";"true";"false";"false";"false";"false";"true";"true";"false";"true";"false";"false";"false";"true";"false";"false";"true";"false";"false";"false";"true";"false";"true";"false";"false";"false";"true";"false";"false"
"357";"Exploring MARS: developing indoor and outdoor user interfaces to a mobile augmented reality system";"1999";"refer-to-hui";"Yes";"Yes";"false";"false";"false";"false";"false";"false";"false";"false";"false";"false";"true";"false";"false";"false";"false";"false";"false";"false";"false";"false";"scivis, navigation ""manage information that is spatially registered with the real world"" like maps ";"true";"false";"false";"false";"false";"false";"false";"false";"false";"hybrid UIs, augmented reality, wearable computing";"false";"true";"false";"false";"false";"false";"false";"true";"false";"false";"false";"false";"false";"false";"false";"false";"false";"false";"true";"false";"false";"false";"false";"false";"false";"false";"false";"false";"false";"true";"false";"true";"true";"false";"false";"true";"false";"false";"false";"false";"true";"false";"false";"true";"false";"false";"false";"true";"false";"false";"false";"false";"true";"false";"false";"true";"true";"false";"false";"false";"true";"false";"false"
"359";"Stream: Exploring the combination of spatially-aware tablets with augmented reality head-mounted displays for immersive analytics";"2021";"refer-to-hui";"Yes";"Yes";"false";"false";"false";"false";"false";"false";"false";"false";"false";"true";"false";"false";"false";"false";"false";"false";"false";"false";"false";"false";"data analysis";"false";"false";"false";"false";"false";"false";"false";"true";"false";"augmented reality, (HUI - not really labeled)";"false";"true";"false";"false";"false";"false";"false";"true";"false";"false";"false";"false";"false";"false";"false";"false";"false";"false";"true";"false";"false";"false";"false";"false";"false";"false";"false";"true";"false";"false";"false";"true";"true";"false";"true";"false";"false";"false";"true";"false";"true";"false";"false";"true";"false";"false";"false";"true";"false";"false";"false";"false";"true";"false";"false";"true";"true";"false";"false";"true";"false";"false";"false"
"376";"Transforming graph data visualisations from 2D displays into augmented reality 3D space: A quantitative study";"2023";"refer-to-hui";"Yes";"Yes";"false";"false";"false";"false";"false";"false";"false";"false";"false";"true";"false";"false";"false";"false";"false";"false";"false";"false";"false";"false";"data analysis, study";"false";"false";"false";"true";"false";"false";"false";"false";"false";"cross-reality, cross virtuality";"true";"false";"false";"false";"false";"false";"false";"false";"true";"false";"false";"false";"false";"false";"false";"false";"false";"false";"false";"false";"false";"false";"true";"false";"false";"false";"false";"true";"false";"false";"false";"true";"true";"false";"false";"true";"false";"false";"false";"false";"false";"true";"false";"true";"false";"false";"false";"false";"true";"false";"false";"true";"false";"true";"false";"false";"true";"false";"true";"false";"false";"false";"false"
"380";"Evaluating the Extension of Wall Displays with AR for Collaborative Work";"2023";"refer-to-hui";"Yes";"Yes";"false";"false";"false";"false";"false";"false";"false";"false";"false";"false";"false";"false";"false";"true";"false";"false";"false";"false";"false";"false";"collaboration";"false";"false";"false";"false";"false";"false";"false";"true";"false";"None (cross-device; cross display) ";"true";"false";"false";"false";"false";"false";"false";"true";"false";"false";"false";"false";"false";"false";"false";"false";"false";"false";"false";"false";"false";"false";"true";"false";"false";"false";"false";"true";"false";"false";"false";"false";"true";"false";"false";"false";"false";"false";"false";"false";"true";"false";"false";"false";"true";"false";"false";"false";"true";"false";"false";"true";"false";"true";"false";"false";"true";"false";"false";"false";"true";"false";"false"
"390";"Using a HHD with a HMD for mobile AR interaction";"2013";"refer-to-hui";"Yes";"Yes";"false";"false";"false";"false";"false";"false";"false";"false";"false";"false";"false";"false";"true";"false";"false";"false";"false";"false";"false";"false";"mobile computing";"false";"true";"true";"false";"false";"false";"false";"false";"false";"hybrid system / cross-device";"false";"true";"false";"false";"false";"false";"false";"false";"false";"false";"false";"false";"false";"false";"false";"true";"false";"true";"false";"false";"false";"false";"false";"false";"false";"false";"false";"true";"false";"false";"false";"true";"false";"false";"false";"false";"false";"false";"false";"false";"true";"false";"false";"true";"false";"false";"false";"true";"false";"false";"false";"false";"true";"false";"false";"true";"true";"false";"false";"false";"true";"false";"false"
"396";"Idiar: Augmented reality dashboards to supervise mobile intervention studies";"2021";"refer-to-hui";"Yes";"Yes";"false";"false";"false";"false";"false";"false";"false";"false";"false";"true";"false";"false";"false";"false";"false";"false";"false";"false";"false";"false";"mobile intervention supervision";"true";"false";"true";"false";"false";"false";"false";"false";"false";"cross-device; hybrid interfaces";"true";"false";"false";"false";"false";"false";"false";"true";"false";"false";"false";"false";"false";"false";"false";"false";"false";"true";"false";"false";"false";"false";"false";"false";"false";"false";"false";"true";"false";"false";"false";"true";"false";"false";"false";"false";"false";"false";"false";"false";"true";"false";"false";"true";"false";"false";"false";"true";"false";"false";"false";"false";"true";"false";"true";"false";"true";"false";"false";"false";"true";"false";"false"
"401";"Towards a hybrid user interface for the visual exploration of large biomolecular networks using virtual reality";"2022";"refer-to-hui";"Yes";"Yes";"false";"false";"false";"false";"false";"false";"false";"false";"false";"true";"false";"false";"false";"false";"false";"false";"false";"false";"false";"false";"immersive analytics; network visualizations";"true";"false";"false";"false";"false";"false";"false";"false";"false";"hybrid user interface";"false";"true";"false";"false";"false";"false";"false";"false";"false";"false";"false";"false";"false";"false";"false";"true";"false";"false";"false";"false";"true";"false";"false";"false";"false";"false";"false";"false";"false";"true";"false";"false";"false";"true";"false";"false";"false";"false";"false";"false";"false";"true";"false";"true";"false";"false";"false";"true";"false";"false";"false";"true";"false";"false";"true";"false";"true";"false";"false";"true";"false";"true";"false"
"407";"Combining head-mounted and projector-based displays for surgical training";"2004";"refer-to-hui";"Yes";"Yes";"false";"false";"false";"false";"false";"false";"false";"false";"false";"false";"false";"true";"false";"false";"false";"false";"false";"false";"false";"false";"surgical training";"false";"true";"false";"false";"false";"false";"false";"false";"false";"hybrid display system";"false";"true";"false";"false";"false";"false";"false";"false";"false";"false";"false";"false";"true";"false";"false";"true";"false";"false";"false";"false";"false";"true";"false";"false";"false";"false";"false";"true";"false";"false";"false";"true";"false";"false";"false";"false";"false";"false";"false";"false";"true";"false";"false";"true";"false";"false";"false";"true";"true";"false";"false";"true";"false";"true";"false";"false";"true";"false";"true";"false";"false";"false";"false"
"477";"Design and evaluation of a hybrid display system for motion-following tasks";"2007";"refer-to-hui";"Yes";"Yes";"false";"false";"false";"false";"false";"false";"false";"false";"false";"false";"false";"false";"false";"false";"false";"false";"false";"false";"false";"true";"guidance (motion following)";"false";"true";"false";"false";"false";"false";"false";"false";"false";"hybrid display system";"true";"false";"false";"false";"false";"false";"false";"true";"false";"false";"false";"false";"false";"false";"false";"false";"false";"false";"false";"false";"false";"true";"false";"false";"false";"false";"false";"true";"false";"false";"false";"true";"false";"false";"false";"false";"false";"false";"false";"false";"true";"false";"false";"true";"false";"false";"false";"true";"false";"false";"true";"false";"false";"true";"false";"false";"true";"false";"true";"false";"false";"false";"false"
"531";"Towards In-situ Authoring of AR Visualizations with Mobile Devices";"2021";"handpicked";"Yes";"Yes";"false";"false";"false";"false";"false";"false";"false";"false";"false";"true";"false";"false";"false";"false";"false";"false";"false";"false";"false";"false";"Visual / Immersive Analytics
data analysis; authoring";"false";"false";"false";"false";"false";"false";"false";"true";"false";"no explicit description, ""across device types""";"false";"true";"false";"false";"false";"false";"false";"true";"false";"false";"false";"false";"false";"false";"false";"false";"false";"true";"false";"false";"false";"false";"false";"false";"false";"true";"false";"false";"false";"false";"false";"true";"false";"false";"false";"false";"false";"false";"false";"false";"true";"false";"false";"true";"false";"false";"false";"true";"false";"false";"false";"true";"false";"false";"true";"false";"true";"false";"false";"false";"true";"false";"false"
"534";"Bonfire: a nomadic system for hybrid laptop-tabletop interaction";"2009";"handpicked";"Yes";"Yes";"false";"false";"false";"false";"false";"false";"false";"false";"false";"false";"false";"false";"true";"false";"false";"false";"false";"false";"false";"false";"Productivity work
mobile computing";"false";"true";"true";"false";"false";"false";"false";"false";"false";"nomadic hybrid laptop-tabletop system
cross-device";"false";"true";"false";"false";"false";"false";"false";"false";"false";"false";"false";"false";"true";"false";"false";"false";"false";"false";"false";"true";"false";"true";"false";"false";"false";"true";"false";"false";"false";"false";"false";"true";"false";"false";"false";"false";"false";"false";"false";"false";"true";"false";"false";"true";"false";"false";"false";"true";"false";"false";"false";"false";"true";"false";"true";"false";"true";"false";"false";"true";"false";"false";"false"
"535";"ABOVE &amp; BELOW: Investigating Ceiling and Floor for Augmented Reality Content Placement";"2022";"handpicked";"Yes";"Yes";"false";"false";"false";"false";"false";"false";"false";"false";"false";"false";"false";"false";"false";"false";"false";"true";"false";"false";"true";"false";"Content Placement, study";"false";"false";"false";"false";"false";"false";"false";"true";"false";"no explicit description";"true";"false";"false";"false";"false";"false";"false";"true";"false";"false";"false";"false";"false";"false";"false";"false";"false";"false";"true";"false";"false";"false";"false";"false";"true";"false";"false";"false";"false";"false";"false";"true";"false";"false";"false";"false";"false";"false";"false";"false";"true";"false";"false";"true";"false";"false";"false";"true";"true";"false";"false";"false";"true";"false";"false";"true";"true";"false";"false";"false";"true";"false";"false"
"536";"Multiple Monitors or Single Canvas? Evaluating Window Management and Layout Strategies on Virtual Displays";"2024";"handpicked";"Yes";"Yes";"false";"false";"false";"false";"false";"false";"false";"false";"false";"false";"false";"false";"true";"false";"false";"false";"false";"false";"false";"false";"Productivity work";"false";"true";"false";"false";"false";"false";"false";"false";"false";"Hybrid Multi-Monitor / Hybrid Canvas";"true";"false";"false";"false";"false";"false";"false";"true";"false";"false";"false";"false";"false";"false";"false";"false";"false";"false";"false";"false";"true";"false";"false";"false";"true";"false";"false";"false";"false";"false";"false";"true";"false";"false";"false";"false";"false";"false";"false";"true";"false";"false";"false";"true";"false";"false";"false";"true";"false";"false";"false";"true";"false";"false";"false";"true";"true";"false";"true";"false";"false";"false";"false"
"537";"Do we still need physical monitors? An evaluation of the usability of AR virtual monitors for productivity work";"2021";"handpicked";"Yes";"Yes";"false";"false";"false";"false";"false";"false";"false";"false";"false";"false";"false";"false";"true";"false";"false";"false";"false";"false";"false";"false";"Productivity work";"false";"true";"false";"false";"false";"false";"false";"false";"false";"Hybrid setup / Hybrid condition";"true";"false";"false";"false";"false";"false";"false";"true";"false";"false";"false";"false";"false";"false";"false";"false";"false";"false";"false";"false";"true";"false";"false";"false";"true";"false";"false";"false";"false";"false";"false";"true";"false";"false";"false";"false";"false";"false";"false";"true";"false";"false";"false";"true";"false";"false";"false";"true";"false";"false";"false";"true";"false";"false";"false";"true";"true";"false";"true";"false";"false";"false";"false"
"539";"SymbiosisSketch: Combining 2D &amp; 3D Sketching for Designing Detailed 3D Objects in Situ";"2018";"handpicked";"Yes";"Yes";"false";"false";"false";"false";"false";"false";"false";"false";"false";"false";"false";"false";"false";"false";"false";"false";"true";"false";"false";"false";"sketching (2D+3D)";"false";"true";"false";"false";"false";"false";"false";"false";"false";"hybrid sketching workflow";"false";"true";"false";"false";"false";"false";"false";"true";"false";"false";"false";"false";"false";"false";"false";"false";"false";"false";"true";"false";"false";"false";"false";"false";"false";"false";"false";"true";"false";"false";"false";"true";"true";"true";"true";"false";"false";"false";"false";"false";"true";"false";"false";"true";"false";"false";"false";"true";"false";"false";"true";"false";"false";"false";"true";"false";"true";"false";"false";"false";"true";"false";"false"
"540";"MYR: A Web-Based Platform for Teaching Coding Using VR";"2019";"handpicked";"Yes";"Yes";"false";"false";"false";"false";"false";"false";"false";"true";"false";"false";"false";"false";"false";"false";"false";"false";"false";"false";"false";"false";"Programming";"false";"false";"false";"false";"false";"false";"false";"true";"false";"no explicit description";"false";"true";"false";"false";"false";"false";"false";"false";"false";"false";"false";"false";"false";"false";"false";"true";"false";"false";"false";"true";"true";"false";"false";"false";"false";"false";"false";"true";"false";"false";"false";"false";"true";"false";"false";"false";"false";"false";"false";"false";"true";"false";"false";"true";"false";"false";"false";"true";"false";"false";"false";"true";"false";"false";"false";"true";"true";"false";"false";"false";"true";"false";"false"
"542";"VRSketchIn: Exploring the Design Space of Pen and Tablet Interaction for 3D Sketching in Virtual Reality";"2020";"handpicked";"Yes";"Yes";"false";"false";"false";"false";"false";"false";"false";"false";"false";"false";"false";"false";"false";"false";"false";"false";"true";"false";"false";"false";"3D Sketching";"false";"false";"false";"false";"false";"false";"false";"true";"false";"no explicit description";"false";"true";"false";"false";"false";"false";"false";"false";"false";"false";"false";"false";"false";"false";"false";"true";"false";"false";"true";"false";"false";"false";"false";"false";"true";"false";"false";"true";"false";"false";"false";"true";"true";"false";"true";"false";"true";"false";"false";"false";"true";"false";"false";"true";"false";"false";"false";"true";"false";"false";"false";"true";"false";"false";"true";"false";"true";"false";"false";"true";"false";"true";"false"
"544";"Between Wearable and Spatial Computing: Exploring Four Interaction Techniques at the Intersection of Smartwatches and Head-mounted Displays";"2024";"handpicked";"Yes";"Yes";"false";"false";"false";"false";"false";"false";"false";"false";"false";"false";"false";"false";"true";"false";"false";"false";"false";"false";"false";"false";"mobile computing";"false";"false";"false";"false";"false";"false";"false";"false";"true";"multimodal interaction / no explicit description";"true";"false";"false";"false";"false";"false";"false";"false";"true";"false";"false";"false";"false";"false";"false";"false";"true";"false";"false";"false";"false";"false";"false";"false";"false";"false";"false";"true";"false";"false";"false";"true";"true";"false";"false";"false";"true";"false";"false";"false";"true";"false";"false";"true";"false";"false";"true";"false";"false";"false";"false";"true";"false";"false";"true";"false";"true";"false";"false";"true";"false";"false";"false"
"545";"Exploring Collaboration for Data Analysis in Augmented Reality for Multiple Devices";"2023";"handpicked";"Yes";"Yes";"false";"false";"false";"false";"false";"false";"false";"false";"false";"true";"false";"false";"false";"true";"false";"false";"false";"false";"false";"false";"data analysis; visualization, collaboration";"false";"false";"false";"true";"false";"false";"false";"false";"false";"cross-reality; cross-virtuality ";"true";"false";"false";"false";"false";"false";"false";"true";"true";"false";"true";"false";"false";"false";"false";"false";"false";"false";"false";"true";"false";"false";"false";"false";"false";"false";"false";"true";"false";"false";"false";"true";"true";"false";"true";"false";"false";"false";"false";"false";"false";"false";"false";"false";"false";"true";"false";"false";"true";"false";"false";"true";"false";"false";"false";"true";"true";"false";"false";"false";"true";"false";"false"
"547";"Dual-MR: interaction with mixed reality using smartphones";"2018";"handpicked";"Yes";"Yes";"false";"false";"false";"false";"false";"false";"false";"false";"false";"false";"false";"false";"false";"false";"false";"true";"false";"false";"false";"false";"3d object manipulation";"false";"true";"false";"false";"false";"false";"false";"false";"false";"hybrid environment";"false";"true";"false";"false";"false";"false";"false";"true";"false";"true";"false";"false";"false";"false";"false";"false";"false";"false";"false";"false";"false";"false";"false";"false";"false";"false";"false";"true";"false";"false";"false";"true";"true";"false";"true";"false";"false";"false";"false";"false";"false";"false";"false";"true";"false";"true";"false";"false";"true";"false";"false";"true";"false";"false";"false";"true";"true";"false";"false";"false";"true";"true";"false"
"548";"Visual Transitions around Tabletops in Mixed Reality: Study on a Visual Acquisition Task between Vertical Virtual Displays and Horizontal Tabletops";"2022";"handpicked";"Yes";"Yes";"false";"false";"false";"false";"false";"false";"false";"false";"false";"false";"false";"false";"false";"false";"false";"false";"false";"false";"true";"false";"visual acquisition, study";"false";"false";"false";"false";"false";"false";"false";"false";"true";"display combination";"true";"false";"false";"false";"false";"false";"false";"true";"false";"false";"false";"false";"false";"false";"false";"false";"false";"false";"false";"false";"false";"false";"false";"true";"false";"false";"false";"true";"false";"false";"false";"true";"true";"false";"false";"false";"false";"false";"false";"true";"false";"false";"false";"true";"false";"false";"false";"true";"false";"false";"false";"true";"false";"false";"false";"true";"true";"false";"true";"false";"false";"false";"false"
"549";"Selection Techniques for 3D Extended Desktop Workstation with AR HMD";"2022";"handpicked";"Yes";"Yes";"false";"false";"false";"false";"false";"false";"false";"false";"false";"false";"false";"false";"true";"false";"false";"false";"false";"false";"false";"false";"Interaction techniques";"false";"true";"false";"false";"false";"false";"false";"false";"false";"hybrid workstation";"true";"false";"false";"false";"false";"false";"false";"true";"false";"false";"false";"false";"false";"false";"false";"false";"false";"false";"false";"false";"true";"false";"false";"false";"true";"false";"false";"true";"false";"false";"false";"true";"false";"false";"false";"false";"false";"false";"true";"false";"true";"false";"false";"true";"false";"false";"false";"true";"false";"false";"false";"false";"true";"false";"true";"false";"true";"false";"true";"false";"false";"false";"false"
"551";"Hybrid Touch/Tangible Spatial Selection in Augmented Reality";"2022";"handpicked";"Yes";"Yes";"false";"false";"false";"false";"false";"false";"false";"false";"false";"true";"false";"false";"false";"false";"false";"false";"false";"false";"false";"false";"data analysis; scivis; immersive analytics";"false";"true";"false";"false";"false";"false";"false";"false";"false";"hybrid; hybrid setup/immersive environment";"true";"false";"false";"false";"false";"false";"false";"true";"false";"false";"false";"false";"false";"false";"false";"false";"false";"false";"true";"false";"false";"false";"false";"false";"true";"false";"false";"true";"false";"false";"false";"true";"true";"false";"false";"true";"false";"false";"false";"false";"true";"false";"false";"true";"false";"false";"false";"true";"false";"false";"false";"true";"false";"false";"false";"true";"true";"false";"false";"false";"true";"false";"false"
"552";"Gluey: Developing a Head-Worn Display Interface to Unify the Interaction Experience in Distributed Display Environments";"2015";"handpicked";"Yes";"Yes";"false";"false";"false";"false";"false";"false";"false";"false";"false";"false";"false";"false";"true";"false";"false";"false";"false";"false";"false";"false";"Interaction techniques";"false";"false";"false";"false";"false";"false";"false";"false";"true";"Distributed Display Environment";"false";"true";"false";"false";"false";"false";"false";"true";"false";"false";"false";"false";"false";"false";"false";"false";"false";"true";"true";"true";"true";"false";"true";"false";"false";"false";"false";"true";"false";"false";"false";"true";"false";"false";"false";"false";"false";"false";"false";"false";"false";"true";"false";"true";"false";"false";"false";"true";"true";"false";"false";"true";"false";"false";"true";"false";"true";"false";"false";"true";"false";"false";"false"
"563";"Transition between virtual environment and workstation environment with projective head mounted display";"1997";"handpicked";"Yes";"Yes";"false";"false";"false";"false";"false";"false";"false";"false";"false";"false";"false";"false";"false";"false";"false";"false";"true";"false";"false";"false";"CAD";"false";"false";"false";"false";"false";"false";"false";"false";"true";"compound environment, projective head-mounted display";"false";"true";"false";"false";"false";"false";"false";"true";"false";"false";"false";"false";"false";"false";"false";"false";"false";"false";"false";"false";"true";"false";"false";"false";"false";"false";"false";"false";"false";"true";"false";"true";"true";"true";"false";"false";"false";"false";"false";"false";"true";"true";"false";"true";"false";"false";"false";"true";"false";"false";"true";"false";"false";"false";"true";"false";"true";"false";"false";"true";"false";"false";"false"
"564";"Cardiac Visualisation Along the RV-Continuum - A High-Fidelity Pilot Study";"2023";"handpicked";"Yes";"Yes";"false";"false";"false";"false";"false";"false";"false";"false";"false";"false";"true";"false";"false";"false";"false";"false";"false";"false";"false";"false";"medicine (cardiac surgery), immersive analytics";"false";"false";"false";"true";"false";"false";"false";"false";"false";"cross-reality, cross virtuality analytics (XVA)";"false";"true";"false";"false";"false";"false";"false";"false";"true";"false";"false";"false";"false";"false";"false";"false";"false";"false";"false";"false";"false";"false";"true";"false";"true";"false";"false";"false";"false";"false";"false";"true";"true";"false";"false";"false";"false";"false";"false";"false";"false";"true";"false";"true";"false";"false";"false";"true";"false";"false";"false";"true";"false";"false";"true";"false";"true";"false";"false";"true";"false";"false";"false"
"565";"CleAR Sight: Exploring the Potential of Interacting with Transparent Tablets in Augmented Reality";"2022";"handpicked";"Yes";"Yes";"false";"false";"false";"false";"false";"false";"false";"false";"false";"true";"false";"false";"false";"false";"false";"false";"false";"true";"false";"true";"data analysis, in-situ annotations, smart home control ";"false";"false";"false";"false";"false";"false";"false";"true";"false";"no explicit terminology";"false";"true";"false";"false";"false";"false";"false";"true";"false";"false";"false";"false";"false";"false";"false";"false";"false";"false";"true";"false";"false";"false";"false";"false";"false";"true";"false";"true";"false";"false";"false";"true";"false";"false";"true";"false";"false";"true";"false";"false";"true";"false";"false";"true";"true";"false";"false";"true";"true";"false";"false";"false";"true";"false";"false";"true";"true";"false";"false";"true";"false";"true";"false"
"566";"Perspective and Geometry Approaches to Mouse Cursor Control in Spatial Augmented Reality";"2023";"handpicked";"Yes";"Yes";"false";"false";"false";"false";"false";"false";"false";"false";"false";"false";"false";"false";"true";"false";"false";"false";"false";"false";"false";"false";"general office work
- mouse cursor control? ";"false";"false";"false";"false";"false";"false";"false";"true";"false";"no specific term, spatial AR, multi-display environment in RW";"false";"false";"false";"true";"false";"false";"false";"false";"false";"false";"false";"false";"true";"false";"false";"false";"false";"false";"false";"false";"true";"false";"false";"false";"false";"true";"false";"false";"false";"false";"false";"true";"false";"false";"false";"false";"false";"true";"false";"true";"false";"false";"false";"true";"false";"false";"false";"false";"true";"false";"false";"false";"true";"false";"false";"true";"true";"false";"true";"false";"false";"false";"false"
"567";"Clusters, Trends, and Outliers: How Immersive Technologies Can Facilitate the Collaborative Analysis of Multidimensional Data";"2018";"handpicked";"Yes";"Yes";"false";"false";"false";"false";"false";"false";"false";"false";"false";"true";"false";"false";"false";"false";"false";"false";"false";"false";"false";"false";"Immersive analytics
data analysis (nutritional and behavioral science)";"false";"false";"false";"false";"false";"false";"false";"true";"false";"-";"false";"true";"false";"false";"false";"false";"false";"false";"true";"false";"false";"false";"false";"false";"false";"false";"false";"false";"false";"false";"false";"false";"false";"true";"false";"false";"false";"true";"false";"false";"false";"true";"true";"false";"true";"false";"false";"false";"true";"false";"true";"false";"false";"false";"true";"false";"false";"false";"true";"false";"false";"false";"true";"false";"false";"true";"true";"false";"true";"false";"false";"false";"false"
"568";"Exploring and Slicing Volumetric Medical Data in Augmented Reality Using a Spatially-Aware Mobile Device";"2021";"handpicked";"Yes";"Yes";"false";"false";"false";"false";"false";"false";"false";"false";"false";"false";"true";"true";"false";"false";"false";"false";"false";"false";"false";"false";"medical, volume-slicing ";"false";"false";"false";"false";"false";"false";"false";"true";"false";"no real term used; focus+context, spatial-aware device";"false";"true";"false";"false";"false";"false";"false";"true";"false";"false";"false";"false";"false";"false";"false";"false";"false";"false";"true";"false";"false";"false";"false";"false";"false";"false";"false";"false";"false";"true";"false";"true";"false";"false";"false";"false";"false";"true";"false";"false";"false";"false";"false";"true";"false";"false";"false";"true";"false";"false";"false";"false";"true";"false";"false";"true";"true";"false";"false";"true";"false";"false";"false"
"569";"The Personal Interaction Panel – a Two‐Handed Interface for Augmented Reality";"1997";"handpicked";"Yes";"Yes";"false";"false";"false";"false";"false";"false";"false";"false";"false";"true";"true";"false";"false";"false";"false";"false";"false";"false";"false";"false";"mobile computing / no real use case defined";"false";"false";"false";"false";"false";"false";"false";"false";"true";"3D user interface, two handed interface for augmented reality";"false";"true";"false";"false";"false";"false";"false";"true";"false";"false";"false";"false";"false";"false";"false";"false";"false";"false";"true";"false";"false";"false";"false";"false";"false";"true";"false";"false";"false";"false";"false";"true";"false";"false";"false";"true";"false";"true";"false";"false";"true";"false";"false";"true";"false";"false";"false";"true";"false";"false";"false";"false";"true";"false";"true";"false";"true";"false";"false";"true";"false";"true";"false"
"570";"MiXR: A Hybrid AR Sheet Music Interface for Live Performance";"2020";"handpicked";"Yes";"Yes";"false";"false";"false";"false";"false";"false";"false";"false";"false";"false";"false";"false";"false";"false";"true";"false";"false";"false";"false";"false";"music; live performance
music interface";"true";"true";"false";"false";"false";"false";"false";"false";"false";"hybrid sheet music interface
hui, hybrid sheet music interface";"false";"true";"false";"false";"false";"false";"false";"true";"false";"false";"false";"false";"false";"false";"false";"false";"false";"true";"true";"false";"false";"false";"false";"false";"false";"true";"false";"false";"false";"false";"false";"true";"true";"false";"false";"false";"true";"false";"false";"false";"true";"false";"false";"true";"false";"false";"false";"true";"false";"false";"false";"true";"false";"false";"true";"false";"true";"false";"false";"false";"true";"false";"false"
"572";"Balloon Selection: A Multi-Finger Technique for Accurate Low-Fatigue 3D Selection";"2007";"handpicked";"Yes";"Yes";"false";"false";"false";"false";"false";"false";"false";"false";"false";"false";"false";"false";"false";"false";"false";"false";"false";"false";"false";"true";"3D selection, illustrated in geographical data";"true";"true";"false";"false";"false";"false";"false";"false";"false";"HUI, hybrid multi-display augmented reality (AR) environment
hybrid multi-display augmented reality (AR) environment";"false";"true";"false";"false";"false";"false";"false";"true";"false";"false";"false";"false";"false";"false";"false";"false";"false";"false";"false";"false";"false";"false";"false";"true";"false";"false";"false";"true";"false";"false";"false";"true";"false";"false";"false";"false";"false";"false";"false";"false";"true";"false";"false";"true";"false";"false";"false";"true";"false";"false";"false";"false";"true";"false";"false";"true";"true";"false";"true";"false";"false";"false";"false"
"573";"Collaborative Mixed Reality Visualization of an Archaeological Excavation";"2004";"handpicked";"Yes";"Yes";"false";"false";"false";"false";"false";"false";"false";"false";"false";"false";"true";"false";"false";"false";"false";"false";"false";"false";"false";"false";"archeological excavation
archeological analysis";"false";"true";"false";"false";"false";"false";"false";"false";"true";"collaborative mixed reality system, HUI mentioned at some point but not in the description of the tool";"false";"true";"false";"false";"false";"false";"false";"true";"false";"false";"false";"false";"false";"false";"false";"false";"false";"false";"false";"false";"false";"false";"true";"true";"false";"false";"false";"true";"false";"false";"false";"true";"false";"false";"false";"true";"false";"false";"false";"false";"true";"false";"false";"false";"true";"false";"false";"false";"true";"false";"false";"true";"false";"false";"true";"false";"true";"false";"false";"true";"false";"false";"false"
"574";"TabletInVR: Exploring the Design Space for Using a Multi-Touch Tablet in Virtual Reality";"2019";"handpicked";"Yes";"Yes";"false";"false";"false";"false";"false";"false";"false";"false";"false";"false";"false";"false";"false";"false";"false";"false";"true";"false";"false";"false";"3D solid modeling 
3d modeling";"false";"false";"false";"false";"false";"false";"false";"true";"false";"multi-touch tablet in VR";"false";"false";"false";"true";"false";"false";"false";"false";"false";"false";"false";"false";"false";"false";"false";"true";"false";"false";"true";"false";"false";"false";"false";"false";"true";"false";"false";"true";"false";"false";"false";"true";"true";"false";"false";"false";"false";"false";"false";"false";"true";"false";"false";"true";"false";"false";"false";"true";"false";"false";"false";"true";"false";"false";"true";"false";"true";"false";"false";"false";"true";"true";"false"
"575";"The SmARtphone Controller: Leveraging Smartphones as Input and Output Modality for Improved Interaction within Mobile Augmented Reality Environments";"2021";"handpicked";"Yes";"Yes";"false";"false";"false";"false";"false";"false";"false";"false";"false";"false";"false";"false";"true";"false";"false";"false";"false";"false";"false";"false";"object manipulation, gui interactions";"false";"true";"false";"false";"false";"false";"false";"false";"true";"hybrid interaction, mutli-display interaction, multimodal interaction, smartphone as an input and output modality for mobile AR, smartphone-based AR controller, secondary touch display in AR
multimodal interaction, smartphone as an input and output modality for mobile AR, smartphone-based AR controller, secondary touch display in AR";"true";"false";"false";"false";"false";"false";"false";"true";"false";"false";"false";"false";"false";"false";"false";"false";"false";"true";"false";"false";"false";"false";"false";"false";"false";"false";"false";"true";"false";"false";"false";"true";"true";"false";"false";"false";"true";"false";"false";"false";"true";"false";"false";"true";"false";"false";"false";"true";"false";"false";"false";"false";"true";"false";"true";"false";"true";"false";"false";"false";"true";"false";"false"
