Item Title,Publication Title,Book Series Title,Journal Volume,Journal Issue,Item DOI,Authors,Publication Year,URL,Content Type
Prototyping Cross-Reality Escape Rooms,Human-Centered Software Engineering,,,,10.1007/978-3-031-64576-1_5,Sebastian KroisEnes Yigitbas,2024,https://link.springer.com/chapter/10.1007/978-3-031-64576-1_5,Conference paper
Engaging educators in the ideation of scenarios for cross-reality game-based learning experiences,Multimedia Tools and Applications,,,,10.1007/s11042-022-13632-2,Telmo ZarraonandiaPaloma DíazIgnacio AedoAndrea Bellucci,2022,https://link.springer.com/article/10.1007/s11042-022-13632-2,Article
ARTHUR: authoring human–robot collaboration processes with augmented reality using hybrid user interfaces,Virtual Reality,,,,10.1007/s10055-025-01149-6,Rasmus LundingSebastian HubenschmidTiare FeuchtnerKaj Grønbæk,2025,https://link.springer.com/article/10.1007/s10055-025-01149-6,Article
Evaluation Design for Cross-Reality Laboratories,Smart Technologies for a Sustainable Future,,,,10.1007/978-3-031-61891-8_20,Konrad BoettcherClaudius TerkowskyMarcel SchadeNils KaufholdLouis KobrasDoreen KaiserPierre HelbingFranziska HerrmannTobias R. OrteltInes AubelJan HaaseBernhard MeussenJohannes NauDetlef Streitferdt,2024,https://link.springer.com/chapter/10.1007/978-3-031-61891-8_20,Conference paper
A cross reality wire assembly training system for workers with disabilities,International Journal on Interactive Design and Manufacturing (IJIDeM),,,,10.1007/s12008-021-00772-2,Bruno SimõesRaffaele de AmicisAlváro SeguraMiguel MartínIbon Ipiña,2021,https://link.springer.com/article/10.1007/s12008-021-00772-2,Article
"Uniting Knowledge and Application in a Hybrid Laboratory Experiment in Virtual Reality – A Cross-Reality Laboratory with Applications of Artificial Intelligence for Industry 4.0","Open Science in Engineering","","","","10.1007/978-3-031-42467-0_26","Alexander S. BehrLaura M. NeuendorfPiriyanth SakthithasanMichael KaranQianqian FangKonrad E. R. BoettcherClaudius TerkowskyNorbert Kockmann","2023","http://link.springer.com/chapter/10.1007/978-3-031-42467-0_26","Chapter"
Cross Reality (XR): Challenges and Opportunities Across the Spectrum,Innovative Learning Environments in STEM Higher Education,,,,10.1007/978-3-030-58948-6_4,Cindy ZikerBarbara TrumanHeather Dodds,2021,https://link.springer.com/chapter/10.1007/978-3-030-58948-6_4,Chapter
Cross reality to enhance worker cognition in industrial assembly operations,The International Journal of Advanced Manufacturing Technology,,,,10.1007/s00170-019-03939-0,Bruno SimõesRaffaele De AmicisIñigo BarandiaranJorge Posada,2019,https://link.springer.com/article/10.1007/s00170-019-03939-0,Article
Cross Reality and Data Science in Engineering,Advances in Intelligent Systems and Computing,,,,10.1007/978-3-030-52575-0,Michael E. AuerDominik May,2020,https://link.springer.com/book/10.1007/978-3-030-52575-0,Conference proceedings
Cross-reality environments in smart buildings to advance STEM cyberlearning,International Journal on Interactive Design and Manufacturing (IJIDeM),,,,10.1007/s12008-019-00546-x,Raffaele De AmicisMariapaola RiggioArash Shahbaz BadrJason FickChristopher A. SanchezEric Andrew Prather,2019,https://link.springer.com/article/10.1007/s12008-019-00546-x,Article
A Toolkit for Creating Cross-Reality Serious Games,Games and Learning Alliance,,,,10.1007/978-3-030-11548-7_28,Telmo ZarraonandiaPaloma DíazAndrés SantosÁlvaro MonteroIgnacio Aedo,2019,https://link.springer.com/chapter/10.1007/978-3-030-11548-7_28,Conference paper
"“I want my robot to look for food”: Comparing Kindergartner’s programming comprehension using tangible, graphic, and hybrid user interfaces",International Journal of Technology and Design Education,,,,10.1007/s10798-014-9287-7,Amanda StrawhackerMarina U. Bers,2014,https://link.springer.com/article/10.1007/s10798-014-9287-7,Article
From Choreographed to Hybrid User Interface Mashups: A Generic Transformation Approach,Web Engineering,,,,10.1007/978-3-319-08245-5_9,Alexey TschudnowskyStefan PietschmannMatthias NiederhausenMichael HertelMartin Gaedke,2014,https://link.springer.com/chapter/10.1007/978-3-319-08245-5_9,Conference paper
"Plato’s CAVE: A Multidimensional, Image-Guided Radiation Therapy Cross Reality Platform with Advanced Surgical Planning, Simulation, and Visualization Techniques Using (Native) DICOM Patient Image Studies",Computational Surgery and Dual Training,,,,10.1007/978-1-4614-8648-0_2,E. Brian ButlerPaul E. SoveliusNancy Huynh,2014,https://link.springer.com/chapter/10.1007/978-1-4614-8648-0_2,Chapter
Toward the design of transitional interfaces: an exploratory study on a semi-immersive hybrid user interface,Virtual Reality,,,,10.1007/s10055-011-0205-y,Felipe G. CarvalhoDaniela G. TrevisanAlberto Raposo,2011,https://link.springer.com/article/10.1007/s10055-011-0205-y,Article
Augmented Display of Anatomical Names of Bronchial Branches for Bronchoscopy Assistance,Medical Imaging and Augmented Reality,,,,10.1007/978-3-540-79982-5_41,Shunsuke OtaDaisuke DeguchiTakayuki KitasakaKensaku MoriYasuhito SuenagaYoshinori HasegawaKazuyoshi ImaizumiHirotsugu TakabatakeMasaki MoriHiroshi Natori,2008,https://link.springer.com/chapter/10.1007/978-3-540-79982-5_41,Conference paper
Electronically coupled complementary interfaces between perovskite band insulators,Nature Materials,,,,10.1038/nmat1675,Mark HuijbenGuus RijndersDave H. A. BlankSara BalsSandra Van AertJo VerbeeckGustaaf Van TendelooAlexander BrinkmanHans Hilgenkamp,2006,https://link.springer.com/article/10.1038/nmat1675,Article
"Seamless Virtual Object Transitions: Enhancing User Experience in Cross-Device Augmented Reality Environments","Extended Reality","","","","10.1007/978-3-031-43401-3_26","Robin FischerWei-Xiang LianShiann-Jang WangWei-En HsuLi-Chen Fu","2023","http://link.springer.com/chapter/10.1007/978-3-031-43401-3_26","Chapter"